title,url_2022,url_2026,score,rank,popularity,has_v2022,has_v2026
True Beauty,https://webtoon-phinf.pstatic.net/20210129_65/16118783359373m3Cw_JPEG/710_EC8DB8EB84A4EC9DBC_ipad.jpg?type=a210,https://myanimelist.net/images/manga/3/246434l.jpg,6.45,18587.0,1174,True,True
The Remarried Empress,https://webtoon-phinf.pstatic.net/20200904_268/15991782626199gHlt_JPEG/10_EC8DB8EB84A4EC9DBC_ipad.jpg?type=a210,https://myanimelist.net/images/manga/1/235295l.jpg,7.89,1186.0,732,True,True
Reunion,https://webtoon-phinf.pstatic.net/20220311_14/1646942368946RE3Vw_JPEG/9Reunion_thumbnail_desktop.jpg?type=a210,https://myanimelist.net/images/manga/2/331105l.jpg,8.26,,20807,True,True
Teenage Mercenary,https://webtoon-phinf.pstatic.net/20210430_189/1619747366300Iwsx1_JPEG/8TeenageMercenary_desktop_thumbnail.jpg?type=a210,https://myanimelist.net/images/manga/3/260540l.jpg,7.83,1421.0,410,True,True
Sixth Sense Kiss,https://webtoon-phinf.pstatic.net/20210611_164/1623376288176HRb8t_JPEG/6SixthSenseKiss_desktop_thumbnail.jpg?type=a210,https://myanimelist.net/images/manga/3/261344l.jpg,7.09,8282.0,7011,True,True
Get Schooled,https://webtoon-phinf.pstatic.net/20210504_152/16200853872927nrBD_JPEG/1GetSchooled_desktop_thumbnail.jpg?type=a210,https://myanimelist.net/images/manga/3/260759l.jpg,7.5,3365.0,1938,True,True
Perfect Marriage Revenge,https://webtoon-phinf.pstatic.net/20211012_36/1633978251222Fa3sz_JPEG/9PerfectMarriageRevenge_desktop_thumbnail.jpg?type=a210,https://myanimelist.net/images/manga/3/261351l.jpg,6.79,13241.0,6765,True,True
Wished You Were Dead,https://webtoon-phinf.pstatic.net/20211111_138/1636569472109QdlL8_JPEG/5WishedYouWereDead_desktop_thumbnail.jpg?type=a210,https://myanimelist.net/images/manga/1/261629l.jpg,6.62,16210.0,5738,True,True
The RUNWAY,https://webtoon-phinf.pstatic.net/20211210_188/16391201236590Lxq7_JPEG/9TheRunway_thumbnail_desktop.jpg?type=a210,https://myanimelist.net/images/manga/1/261636l.jpg,6.6,16543.0,10160,True,True
My Reason to Die,https://webtoon-phinf.pstatic.net/20220428_42/16511200227778l0Cw_JPEG/0My+Reason+to+Die_Launch__thumbnail_desktop.jpg?type=a210,https://myanimelist.net/images/manga/1/267747l.jpg,7.93,1061.0,3169,True,True
Double-Binded By Love,https://webtoon-phinf.pstatic.net/20220406_244/1649181426733blhTG_JPEG/2DoubleBindedByLove_thumbnail_desktop.jpg?type=a210,https://myanimelist.net/images/manga/3/331764l.jpg,,55203.0,73705,True,True
The Four of Them,https://webtoon-phinf.pstatic.net/20210329_195/1616995074675pFS1E_JPEG/1The-Four-of-Them_ipad.jpg?type=a210,https://myanimelist.net/images/manga/1/293618l.jpg,,,55419,True,True
Your Throne,https://webtoon-phinf.pstatic.net/20200513_90/1589332188875qrVlg_JPEG/10_EC8DB8EB84A4EC9DBC_ipad.jpg?type=a210,https://myanimelist.net/images/manga/1/236523l.jpg,8.1,691.0,724,True,True
She's Hopeless,https://webtoon-phinf.pstatic.net/20210509_50/1620542135764R90k7_JPEG/0ShesHopeless_desktop_thumbnail.jpg?type=a210,https://myanimelist.net/images/manga/1/261506l.jpg,7.38,4498.0,4427,True,True
Secretary Out-of-Order,https://webtoon-phinf.pstatic.net/20220107_213/1641511140126Vsa1s_JPEG/2Secretary+Out-of-Order_Launch_desktop_thumbnail.jpg?type=a210,https://myanimelist.net/images/manga/1/261407l.jpg,6.87,11804.0,10740,True,True
Bitten Contract,https://webtoon-phinf.pstatic.net/20211210_265/1639086751420u9kov_JPEG/3BittenContract_thumbnail_desktop.jpg?type=a210,https://myanimelist.net/images/manga/3/261654l.jpg,6.72,14532.0,12739,True,True
Weak Hero,https://webtoon-phinf.pstatic.net/20210331_280/1617152424173qm5zF_JPEG/4WeakHero_desktop_thumbnail.jpg?type=a210,https://myanimelist.net/images/manga/3/232795l.jpg,7.94,1044.0,687,True,True
A Whirlwind Campus Affair,https://webtoon-phinf.pstatic.net/20220331_149/1648664637879Pfdn2_JPEG/7AWhirlwindCampusAffair_thumbnail_desktop.jpg?type=a210,https://myanimelist.net/images/manga/2/265214l.jpg,7.28,5648.0,16423,True,True
Lookism,https://webtoon-phinf.pstatic.net/20220129_42/1643396228640TNE1a_JPEG/6Lookism_desktop_thumbnail.jpg?type=a210,https://myanimelist.net/images/manga/2/208866l.jpg,7.95,994.0,235,True,True
Another Love,https://webtoon-phinf.pstatic.net/20220309_52/1646790099497krsGV_JPEG/3AnotherLove_desktop_thumbnail.jpg?type=a210,https://myanimelist.net/images/manga/3/261430l.jpg,7.19,6745.0,13541,True,True
The Fox Club,https://webtoon-phinf.pstatic.net/20220323_46/1647989359698prGpU_JPEG/4TheFoxClub_thumbnail_desktop.jpg?type=a210,https://myanimelist.net/images/manga/2/265015l.jpg,7.42,4087.0,17761,True,True
From a Knight to a Lady,https://webtoon-phinf.pstatic.net/20210818_71/1629228960443svu5k_JPEG/4FromKnighttoLady_desktop_thumbnail.jpg?type=a210,https://myanimelist.net/images/manga/2/261789l.jpg,7.43,3938.0,3749,True,True
Shotgun Boy,https://webtoon-phinf.pstatic.net/20210311_248/1615432356024QH7V8_JPEG/9ShotgunBoy_desktop_thumbnail.jpg?type=a210,https://myanimelist.net/images/manga/2/260422l.jpg,7.66,2272.0,1146,True,True
Housekeeper,https://webtoon-phinf.pstatic.net/20220429_300/1651192965412DXpvy_JPEG/1HouseKeeper_thumbnail_desktop.jpg?type=a210,https://myanimelist.net/images/manga/3/261324l.jpg,6.94,10738.0,14174,True,True
Odd Girl Out,https://webtoon-phinf.pstatic.net/20180712_38/1531333119082GcnSx_JPEG/10_EC8DB8EB84A4EC9DBC_ipad.jpg?type=a210,https://myanimelist.net/images/manga/2/222276l.jpg,7.95,999.0,3575,True,True
The Greatest Estate Developer,https://webtoon-phinf.pstatic.net/20211116_239/1637004214959piwJa_JPEG/4The+Greatest+Estate+Developer_Launch_desktop_thumbnail.jpg?type=a210,https://myanimelist.net/images/manga/1/290131l.jpg,9.06,9.0,219,True,True
Seasons of Blossom,https://webtoon-phinf.pstatic.net/20210323_300/16164393854566hlKg_JPEG/0SeasonsOfBlossom_desktop_thumbnail.jpg?type=a210,https://myanimelist.net/images/manga/3/257932l.jpg,8.58,123.0,1063,True,True
To You Who Swallowed a Star,https://webtoon-phinf.pstatic.net/20210922_125/1632243968847FaEpw_JPEG/7ToYouWhoSwallowedaStar_Refresh_desktop_thumbnail.jpg?type=a210,https://myanimelist.net/images/manga/1/261794l.jpg,6.68,15213.0,13424,True,True
Write to Your Heart!,https://webtoon-phinf.pstatic.net/20220430_23/1651261055580vLaVo_JPEG/9WTYH_thumbnail_desktop.jpg?type=a210,https://myanimelist.net/images/manga/2/261995l.jpg,,45986.0,38992,True,True
Viral Hit,https://webtoon-phinf.pstatic.net/20201009_122/1602189856808UU9u3_JPEG/410_EC8DB8EB84A4EC9DBC_ipad.jpg?type=a210,https://myanimelist.net/images/manga/1/248716l.jpg,7.91,1122.0,611,True,True
The Tax Reaper,https://webtoon-phinf.pstatic.net/20220419_143/1650308377504t63Al_JPEG/9TheTaxReaper_thumbnail_desktop.jpg?type=a210,https://myanimelist.net/images/manga/1/265212l.jpg,6.75,13956.0,12490,True,True
Study Group,https://webtoon-phinf.pstatic.net/20211112_206/16366947703289Rb91_JPEG/5StudyGroup_desktop_thumbnail.jpg?type=a210,https://myanimelist.net/images/manga/1/260634l.jpg,7.41,4115.0,1903,True,True
Aza,https://webtoon-phinf.pstatic.net/20220309_229/16467898736564e4Xr_JPEG/5Aza_thumbnail_desktop.jpg?type=a210,https://myanimelist.net/images/manga/2/262894l.jpg,7.09,8286.0,19345,True,True
The Prenup,https://webtoon-phinf.pstatic.net/20220303_51/1646300378895RXk6q_JPEG/2ThePrenup_thumbnail_desktop.jpg?type=a210,https://myanimelist.net/images/manga/3/262824l.jpg,6.05,21535.0,21751,True,True
It's Mine,https://webtoon-phinf.pstatic.net/20200417_13/1587087610555xRGmi_JPEG/10_EC8DB8EB84A4EC9DBC_ipad.jpg?type=a210,https://myanimelist.net/images/manga/1/260851l.jpg,7.39,4338.0,5009,True,True
Secret Playlist,https://webtoon-phinf.pstatic.net/20201212_28/1607741277092hfNtE_JPEG/4SecretPlaylist_desktop_thumbnail.jpg?type=a210,https://myanimelist.net/images/manga/2/261256l.jpg,6.85,12168.0,10818,True,True
"Date First, Love Later",https://webtoon-phinf.pstatic.net/20210923_181/1632358380903KssVG_JPEG/8Date+First2C+Love+Later_Launch_desktop_thumbnail.jpg?type=a210,https://myanimelist.net/images/manga/1/263025l.jpg,6.54,17448.0,16508,True,True
Let Me Stay Over Tonight!,https://webtoon-phinf.pstatic.net/20210430_90/16197438555910TEEm_JPEG/5Let+me+Stay+Over+Tonight_desktop_thumbnail.jpg?type=a210,https://myanimelist.net/images/manga/2/262697l.jpg,6.36,19645.0,26771,True,True
The Blood of the Butterfly,https://webtoon-phinf.pstatic.net/20210729_106/16275075210596m5SX_JPEG/6TheBloodoftheButterflyLaunch_desktop_thumbnail.jpg?type=a210,https://myanimelist.net/images/manga/1/263036l.jpg,7.4,4295.0,8681,True,True
A Chance At Last,https://webtoon-phinf.pstatic.net/20220203_80/16438577292250DsMa_JPEG/8A+Chance+At+Last_Launch_thumbnail_desktop.jpg?type=a210,https://myanimelist.net/images/manga/1/264426l.jpg,7.02,9477.0,13703,True,True
Neon Revenge,https://webtoon-phinf.pstatic.net/20210309_241/1615271474582KqlbG_JPEG/8NeonRevenge_desktop_thumbnail.jpg?type=a210,https://myanimelist.net/images/manga/3/262298l.jpg,6.67,15297.0,11175,True,True
No Longer A Heroine!,https://webtoon-phinf.pstatic.net/20201125_163/1606257637674zUoh1_JPEG/510_EC8DB8EB84A4EC9DBC_ipad.jpg?type=a210,https://myanimelist.net/images/manga/3/270826l.jpg,7.29,5443.0,13407,True,True
Back to You,https://webtoon-phinf.pstatic.net/20210329_266/16170163887226RRbG_JPEG/0Back-to-You_ipad.jpg?type=a210,https://myanimelist.net/images/manga/1/252437l.jpg,7.37,4530.0,8297,True,True
To Not Die,https://webtoon-phinf.pstatic.net/20211222_117/1640126836365wpHl1_JPEG/7ToNotDie_thumbnail_desktop.jpg?type=a210,https://myanimelist.net/images/manga/1/264617l.jpg,7.46,3702.0,3677,True,True
Flawed Almighty,https://webtoon-phinf.pstatic.net/20211030_240/16355286295148UvM1_JPEG/1FlawedAlmighty_Launch_desktop_thumbnail.jpg?type=a210,https://myanimelist.net/images/manga/3/260842l.jpg,7.45,3732.0,7409,True,True
After School Lessonsfor Unripe Apples,https://webtoon-phinf.pstatic.net/20210714_199/1626209417276Mdwbd_JPEG/2AfterSchoolLessonsForUnripeApples_desktop_thumbnail.jpg?type=a210,https://myanimelist.net/images/manga/1/261508l.jpg,8.5,172.0,2570,True,True
Manager Kim,https://webtoon-phinf.pstatic.net/20220210_200/1644434119923OOHNV_JPEG/3ManagerKim_thumbnail_desktop.jpg?type=a210,https://myanimelist.net/images/manga/3/260734l.jpg,7.31,5185.0,2749,True,True
Daytime Star,https://webtoon-phinf.pstatic.net/20220207_32/1644211007856NvG8U_JPEG/3DaytimeStar_thumbnail_desktop.jpg?type=a210,https://myanimelist.net/images/manga/2/265157l.jpg,8.34,326.0,1991,True,True
The Spark in Your Eyes,https://webtoon-phinf.pstatic.net/20210806_175/1628203971299zqX5f_JPEG/4The+Spark+in+Your+Eyes_desktop_thumbnail.jpg?type=a210,https://myanimelist.net/images/manga/2/262618l.jpg,8.24,466.0,2990,True,True
The Girl Downstairs,https://webtoon-phinf.pstatic.net/20210329_288/1616995182175btF5c_JPEG/0The-Girl-Downstirs_ipad.jpg?type=a210,https://myanimelist.net/images/manga/1/286354l.jpg,7.43,3939.0,4132,True,True
Pyramid Game,https://webtoon-phinf.pstatic.net/20210217_167/1613520848038uik83_PNG/3PyramidGame_desktop_thumbnail.png?type=a210,https://myanimelist.net/images/manga/1/262128l.jpg,7.72,1906.0,9544,True,True
The Nuna at Our Office,https://webtoon-phinf.pstatic.net/20210714_194/1626209057906meE6x_JPEG/1TheNunaAtOurOffice_desktop_thumbnail.jpg?type=a210,https://myanimelist.net/images/manga/2/263536l.jpg,6.97,10151.0,8382,True,True
Random Chat,https://webtoon-phinf.pstatic.net/20210329_150/1616995894809eEC1I_JPEG/5Random-Chat_ipad.jpg?type=a210,https://myanimelist.net/images/manga/1/259537l.jpg,7.29,5443.0,3080,True,True
A DeadbEAT's Meal,https://webtoon-phinf.pstatic.net/20220208_300/1644267813166M9Gmv_JPEG/8ADeadbEATsMeal_thumbnail_desktop.jpg?type=a210,https://myanimelist.net/images/manga/1/261951l.jpg,6.51,17813.0,29519,True,True
Our Time,https://webtoon-phinf.pstatic.net/20211111_187/1636560780850JWuBb_JPEG/8OurTime_desktop_thumbnail.jpg?type=a210,https://myanimelist.net/images/manga/3/331483l.jpg,,55141.0,60721,True,True
"Take Me, I'm Yours",https://webtoon-phinf.pstatic.net/20210611_184/16233753129153mJBp_JPEG/1Take+Me2CI27m+Yours_desktop_thumbnail.jpg?type=a210,https://myanimelist.net/images/manga/1/263764l.jpg,6.99,9862.0,24566,True,True
Moonlight Beauty Parlor,https://webtoon-phinf.pstatic.net/20210710_266/1625879973167vsKT3_JPEG/2Moonlight+Beauty+ParlorLaunch_desktop_thumbnail.jpg?type=a210,https://myanimelist.net/images/manga/3/331882l.jpg,,55210.0,63965,True,True
Mage Again,https://webtoon-phinf.pstatic.net/20211001_183/1633052336300nfEEb_JPEG/1MageAgain_desktop_thumbnail.jpg?type=a210,https://myanimelist.net/images/manga/3/267218l.jpg,7.23,6208.0,20097,True,True
The World is Money and Power,https://webtoon-phinf.pstatic.net/20210414_15/1618357895520hnGlY_JPEG/0TheWorldisMoneyandPower_desktop_thumbnail.jpg?type=a210,https://myanimelist.net/images/manga/3/263550l.jpg,6.59,16641.0,10611,True,True
Savior,https://webtoon-phinf.pstatic.net/20210909_263/1631125715769l10gE_JPEG/6Savior_Launch_desktop_thumbnail.jpg?type=a210,https://myanimelist.net/images/manga/2/263080l.jpg,6.31,20053.0,18079,True,True
A Man's Man,https://webtoon-phinf.pstatic.net/20210611_226/1623375761466ymKoz_JPEG/7AMansMan_desktop_thumbnail.jpg?type=a210,https://myanimelist.net/images/manga/1/263998l.jpg,7.9,1173.0,5725,True,True
The Snake and the Flower,https://webtoon-phinf.pstatic.net/20210408_31/16178248302869Rkzw_JPEG/1TheSnakeAndTheFlower_desktop_thumbnail.jpg?type=a210,https://myanimelist.net/images/manga/1/263464l.jpg,6.91,11138.0,19936,True,True
Money Game,https://webtoon-phinf.pstatic.net/20210812_115/16287097831183rDNN_JPEG/3MoneyGameLaunch_desktop_thumbnail.jpg?type=a210,https://myanimelist.net/images/manga/3/302967l.jpg,7.15,7372.0,21844,True,True
Tomorrow,https://webtoon-phinf.pstatic.net/20220209_86/1644347545173fSPEQ_JPEG/1Tomorrow_desktop_thumbnail.jpg?type=a210,https://myanimelist.net/images/manga/2/228245l.jpg,,41938.0,27021,True,True
Kidults,https://webtoon-phinf.pstatic.net/20210630_239/1625009606203IUNoD_JPEG/2KidultsLaunch_desktop_thumbnail.jpg?type=a210,https://myanimelist.net/images/manga/3/265287l.jpg,,46315.0,34275,True,True
The Sound of Another,https://webtoon-phinf.pstatic.net/20210708_96/16256959618840i6oY_JPEG/7TheSoundofAnother_desktop_thumbnail.jpg?type=a210,https://myanimelist.net/images/manga/3/264989l.jpg,,46287.0,40195,True,True
Dr. Frost,https://webtoon-phinf.pstatic.net/20141226_267/14195864332519aqdD_JPEG/thumb_ipad.jpg?type=a210,https://myanimelist.net/images/manga/3/293679l.jpg,7.95,1019.0,1718,True,True
The Aftermath,https://webtoon-phinf.pstatic.net/20210910_224/1631244327003GYdIr_JPEG/6TheAftermath_desktop_thumbnail.jpg?type=a210,https://myanimelist.net/images/manga/2/265319l.jpg,6.93,10804.0,34741,True,True
The Savior's Time,https://webtoon-phinf.pstatic.net/20210403_36/16173836076201LbM3_JPEG/4TheSaviorsTime_desktop_thumbnail.jpg?type=a210,https://myanimelist.net/images/manga/3/264975l.jpg,7.06,8853.0,21879,True,True
She Bites!,https://webtoon-phinf.pstatic.net/20210916_198/16317267215213gllW_JPEG/4She+Bites21_desktop_thumbnail.jpg?type=a210,https://myanimelist.net/images/manga/2/332534l.jpg,,55299.0,75496,True,True
The Makeup Remover,https://webtoon-phinf.pstatic.net/20200916_137/1600222620229WTnl9_JPEG/810_EC8DB8EB84A4EC9DBC_ipad.jpg?type=a210,https://myanimelist.net/images/manga/3/228132l.jpg,7.66,2265.0,3027,True,True
From Morning to Night,https://webtoon-phinf.pstatic.net/20210806_49/16282097588766ED98_JPEG/0FromMorningtoNight_desktop_thumbnail.jpg?type=a210,https://myanimelist.net/images/manga/3/264517l.jpg,,46226.0,32314,True,True
A Mark Against Thee,https://webtoon-phinf.pstatic.net/20220329_26/16485130478560LVHi_JPEG/6AMarkAgainstThee_thumbnail_desktop.jpg?type=a210,https://myanimelist.net/images/manga/3/263290l.jpg,7.92,1110.0,18419,True,True
Unholy Blood,https://webtoon-phinf.pstatic.net/20210211_121/1613021857445YCOhr_JPEG/9Unholy-Blood-PC-Thumbnail-Version-2.jpg?type=a210,https://myanimelist.net/images/manga/2/238421l.jpg,7.91,1122.0,766,True,True
Whale Star: The Gyeongseong Mermaid,https://webtoon-phinf.pstatic.net/20220203_186/1643858060257ogIkf_JPEG/3WWTGM_thumbnail_desktop.jpg?type=a210,https://myanimelist.net/images/manga/3/237965l.jpg,8.33,327.0,4974,True,True
To Love Your Enemy,https://webtoon-phinf.pstatic.net/20210329_87/1616996364932IClmj_JPEG/7To-Love-Your-Enemy_ipad.jpg?type=a210,https://myanimelist.net/images/manga/3/247316l.jpg,6.77,13607.0,4244,True,True
Your Letter,https://webtoon-phinf.pstatic.net/20210329_77/1617004232363sPLdl_JPEG/0Your-Letter_ipad.jpg?type=a210,https://myanimelist.net/images/manga/2/222246l.jpg,8.13,614.0,1520,True,True
The Horizon,https://webtoon-phinf.pstatic.net/20210731_290/1627682043056T1IJe_JPEG/8TheHorizon_desktop_thumbnail.jpg?type=a210,https://myanimelist.net/images/manga/1/229331l.jpg,8.68,83.0,137,True,True
My ID is Gangnam Beauty!,https://webtoon-phinf.pstatic.net/20210901_127/1630452208225y1YzH_JPEG/5My+ID+is+Gangnam+Beauty_desktop_thumbnail.jpg?type=a210,https://myanimelist.net/images/manga/2/222337l.jpg,7.21,6471.0,5768,True,True
Bastard,https://webtoon-phinf.pstatic.net/20210329_17/1617016418697oIBbR_JPEG/0Bastard_ipad.jpg?type=a210,https://myanimelist.net/images/manga/1/205549l.jpg,8.46,210.0,89,True,True
SAVE ME,https://webtoon-phinf.pstatic.net/20210329_80/16169960145683y0Ku_JPEG/6SAVE-ME_ipad.jpg?type=a210,https://myanimelist.net/images/manga/2/260739l.jpg,7.02,9471.0,10535,True,True
Tales of Greed,https://webtoon-phinf.pstatic.net/20210505_103/1620170176120Gmkxz_JPEG/6Tales+of+Greed_desktop_thumbnail.jpg?type=a210,https://myanimelist.net/images/manga/3/263653l.jpg,7.25,5944.0,13832,True,True
She Would Never Know,https://webtoon-phinf.pstatic.net/20210218_142/1613617055863l8Dyd_JPEG/2SheWouldNeverKnow_desktop_thumbnail.jpg?type=a210,https://myanimelist.net/images/manga/1/263004l.jpg,6.45,18606.0,17610,True,True
My Life as a Loser,https://webtoon-phinf.pstatic.net/20210731_292/1627681776762CPhzz_JPEG/0MyLifeasaLoser_desktop_thumbnail.jpg?type=a210,https://myanimelist.net/images/manga/3/263015l.jpg,7.88,1234.0,5041,True,True
A Good Day to be a Dog,https://webtoon-phinf.pstatic.net/20210329_62/1617016023261s9pcl_JPEG/3A-Good-Day-to-be-a-Dog_ipad.jpg?type=a210,https://myanimelist.net/images/manga/3/225965l.jpg,7.84,1403.0,1392,True,True
Cherry Blossoms,https://webtoon-phinf.pstatic.net/20170413_231/1492084942482KvvKM_JPEG/thumb_ipad.jpg?type=a210,https://myanimelist.net/images/manga/3/279438l.jpg,6.69,14967.0,23816,True,True
Bloodhounds,https://webtoon-phinf.pstatic.net/20220308_112/1646707869167IizGt_JPEG/4Bloodhounds_thumbnail_desktop.jpg?type=a210,https://myanimelist.net/images/manga/3/262512l.jpg,6.9,11396.0,28244,True,True
See No Evil,https://webtoon-phinf.pstatic.net/20210504_244/16200872199404tzGO_JPEG/7SeeNoEvil_desktop_thumbnail.jpg?type=a210,https://myanimelist.net/images/manga/1/264948l.jpg,6.48,18329.0,22515,True,True
Death's Game,https://webtoon-phinf.pstatic.net/20201215_84/1607977744246JGLHq_JPEG/6Deaths+Game_desktop_thumbnail.jpg?type=a210,https://myanimelist.net/images/manga/3/297851l.jpg,7.84,1412.0,4482,True,True
Ode to Our Youth,https://webtoon-phinf.pstatic.net/20220307_117/1646635140711Dr5DH_JPEG/1OdeToOurYouth_thumbnail_desktop.jpg?type=a210,https://myanimelist.net/images/manga/3/332322l.jpg,,55273.0,78345,True,True
SHADOW,https://webtoon-phinf.pstatic.net/20140826_120/1409020143688aWJ4U_JPEG/thumb_ipad.jpg?type=a210,https://myanimelist.net/images/manga/3/279700l.jpg,6.42,19040.0,33339,True,True
If AI Ruled the World,https://webtoon-phinf.pstatic.net/20210414_157/1618357170629hcTjD_JPEG/3IfAIRuledtheWorld_desktop_thumbnail.jpg?type=a210,https://myanimelist.net/images/manga/1/263746l.jpg,7.7,2005.0,12469,True,True
Her Bucket List,https://webtoon-phinf.pstatic.net/20210612_112/1623447180714iOLOC_JPEG/4HerBucketList_Launch_desktop_thumbnail.jpg?type=a210,https://myanimelist.net/images/manga/3/263280l.jpg,7.2,6689.0,17678,True,True
Days of Hana,https://webtoon-phinf.pstatic.net/20210329_228/1617017018930sjEpd_JPEG/2Days-of-Hana_ipad.jpg?type=a210,https://myanimelist.net/images/manga/2/261505l.jpg,7.56,2949.0,7393,True,True
Scorching Romance,https://webtoon-phinf.pstatic.net/20210329_30/1616996047395KpHq7_JPEG/7Scorching-Romance_ipad.jpg?type=a210,https://myanimelist.net/images/manga/3/261966l.jpg,6.96,10405.0,11684,True,True
My Boo,https://webtoon-phinf.pstatic.net/20171001_228/1506830853742XOhwN_JPEG/10_EC8DB8EB84A4EC9DBC_ipad.jpg?type=a210,https://myanimelist.net/images/manga/1/206317l.jpg,7.65,2282.0,3262,True,True
Girls of the Wild's,https://webtoon-phinf.pstatic.net/20210329_103/1616995464815vUkI9_JPEG/1Girls-of-the-Wild27s_ipad.jpg?type=a210,https://myanimelist.net/images/manga/2/83615l.jpg,7.53,3169.0,236,True,True
Dreaming Freedom,https://webtoon-phinf.pstatic.net/20220503_207/1651532207818OpAfl_JPEG/7Dreaming+Freedom_Launch_thumbnail_desktop.jpg?type=a210,https://myanimelist.net/images/manga/3/261884l.jpg,7.66,2273.0,1929,True,True
Spirit Fingers,https://webtoon-phinf.pstatic.net/20190402_16/1554160225388Mx6yL_JPEG/10_EC8DB8EB84A4EC9DBC_ipad.jpg?type=a210,https://myanimelist.net/images/manga/2/206123l.jpg,8.4,257.0,2506,True,True
Kids Are All Right,https://webtoon-phinf.pstatic.net/20210329_228/16169957619194OyKl_JPEG/1Kids-Are-All-Right_ipad.jpg?type=a210,https://myanimelist.net/images/manga/2/167324l.jpg,7.64,2378.0,14865,True,True
Lilac 200%,https://webtoon-phinf.pstatic.net/20210916_20/1631756952874Mfo89_JPEG/5Lilac20025_desktop_thumbnail.jpg?type=a210,https://myanimelist.net/images/manga/3/265213l.jpg,6.93,10803.0,34457,True,True
Garden Club Detective Squad,https://webtoon-phinf.pstatic.net/20210106_69/1609883834601mvrBe_JPEG/8GardenClubDetectiveSquad_desktop_thumbnail.jpg?type=a210,https://myanimelist.net/images/manga/2/261984l.jpg,7.29,5447.0,18306,True,True
Dark Mortal,https://webtoon-phinf.pstatic.net/20210504_96/1620082942723qcMmu_JPEG/0DarkMortal_desktop_thumbnail.jpg?type=a210,https://myanimelist.net/images/manga/1/263011l.jpg,7.58,2818.0,7115,True,True
Yumi's Cells,https://webtoon-phinf.pstatic.net/20210329_236/1617004513111tKAMq_JPEG/5Yumi-Cells_ipad.jpg?type=a210,https://myanimelist.net/images/manga/1/250618l.jpg,7.93,1052.0,4159,True,True
Oh! Holy,https://webtoon-phinf.pstatic.net/20161011_236/1476178205242U88K7_JPEG/thumb_ipad.jpg?type=a210,https://myanimelist.net/images/manga/2/261816l.jpg,7.5,3374.0,4540,True,True
THE GIRL FROM CLASS,https://webtoon-phinf.pstatic.net/20210329_267/1616995321325D4mcA_JPEG/3THE-GIRL-FROM-CLASS_ipad.jpg?type=a210,https://myanimelist.net/images/manga/1/213482l.jpg,7.21,6581.0,8276,True,True
Taste of Illness,https://webtoon-phinf.pstatic.net/20210311_83/1615440121402AJCA7_JPEG/8Taste+of+Illness_desktop_thumbnail.jpg?type=a210,https://myanimelist.net/images/manga/1/242349l.jpg,7.76,1688.0,5471,True,True
Dear X,https://webtoon-phinf.pstatic.net/20210408_224/1617833204082h91ix_JPEG/0DearX_desktop_thumbnail.jpg?type=a210,https://myanimelist.net/images/manga/3/262273l.jpg,7.32,5140.0,16766,True,True
Friday: Forbidden Tales,https://webtoon-phinf.pstatic.net/20150213_196/14238193611938ed4y_JPEG/EC8DB8EB84A4EC9DBC_IPAD.jpg?type=a210,https://myanimelist.net/images/manga/2/264052l.jpg,7.01,9538.0,30080,True,True
Salty Studio,https://webtoon-phinf.pstatic.net/20210329_122/1616995992673kFGnd_JPEG/9Salty-Studio_ipad.jpg?type=a210,https://myanimelist.net/images/manga/1/171278l.jpg,7.65,2338.0,6265,True,True
This Magical Moment,https://webtoon-phinf.pstatic.net/20210521_274/1621534107693e6L8e_JPEG/3ThisMagicalMoment_desktop_thumbnail.jpg?type=a210,https://myanimelist.net/images/manga/2/263478l.jpg,7.12,7942.0,34934,True,True
The Stories of Those Around Me,https://webtoon-phinf.pstatic.net/20140710_31/1404979622903Ok5QO_JPEG/32_EC9584EB8A94EC82ACEB9E8CEC9DB4EC95BCEAB8B0.jpg?type=a210,https://myanimelist.net/images/manga/1/90983l.jpg,7.87,1278.0,4251,True,True
Ghost Theater,https://webtoon-phinf.pstatic.net/20210329_263/1616995422894l5gcb_JPEG/4Ghost-Theater_ipad-2.jpg?type=a210,https://myanimelist.net/images/manga/3/262076l.jpg,7.34,4917.0,16341,True,True
Behind the Curtain,https://webtoon-phinf.pstatic.net/20210714_124/1626210659319VGrov_JPEG/8BehindtheCurtain_desktop_thumbnail.jpg?type=a210,https://myanimelist.net/images/manga/1/263949l.jpg,,46159.0,34337,True,True
11 of Me,https://webtoon-phinf.pstatic.net/20210916_176/1631754213296fpIA7_JPEG/411+of+Me_desktop_thumbnail.jpg?type=a210,https://myanimelist.net/images/manga/1/263038l.jpg,6.5,18054.0,31681,True,True
About Death,https://webtoon-phinf.pstatic.net/20140710_28/14049799723627ekCm_JPEG/15_ECA3BDEC9D8CEC9790EAB480ED9598EC97AC.jpg?type=a210,https://myanimelist.net/images/manga/2/293428l.jpg,8.03,824.0,1460,True,True
FAMILY MAN,https://webtoon-phinf.pstatic.net/20140710_210/1404979905975wQsyc_JPEG/34_ED8CA8EBB080EBA6ACEBA7A8.jpg?type=a210,https://myanimelist.net/images/manga/3/274667l.jpg,7.72,1877.0,9200,True,True
Winter Woods,https://webtoon-phinf.pstatic.net/20210329_43/1617003525405hFbR6_JPEG/1Winter-Woods_ipad.jpg?type=a210,https://myanimelist.net/images/manga/3/208547l.jpg,8.09,695.0,2259,True,True
Magical 12th Graders,https://webtoon-phinf.pstatic.net/20210329_154/1616995384159aAw9b_JPEG/2Magical-12th-Graders_ipad.jpg?type=a210,https://myanimelist.net/images/manga/2/259368l.jpg,7.1,8209.0,29167,True,True
God of Bath,https://webtoon-phinf.pstatic.net/20150105_225/14204243764283D2nO_JPEG/17_EBAAA9EC9A95EC9D98EC8BA0+28229.jpg?type=a210,https://myanimelist.net/images/manga/5/106187l.jpg,7.38,4456.0,6860,True,True
Ctrl+Z,https://webtoon-phinf.pstatic.net/20210329_179/1617016859071RAnGt_JPEG/5Ctrl2BZ.jpg?type=a210,https://myanimelist.net/images/manga/2/263818l.jpg,6.48,18328.0,31989,True,True
Gepetto,https://webtoon-phinf.pstatic.net/20210329_8/1616995366934RaS6Y_JPEG/0Gepetto_ipad-2.jpg?type=a210,https://myanimelist.net/images/manga/2/263519l.jpg,7.13,7679.0,29076,True,True
The Golden Spoon,https://webtoon-phinf.pstatic.net/20210714_248/1626228059641NsEiN_JPEG/0The+Golden+Spoon_desktop_thumbnail.jpg?type=a210,https://myanimelist.net/images/manga/2/265160l.jpg,6.86,12105.0,32425,True,True
Witch Hunt,https://webtoon-phinf.pstatic.net/20141210_165/14182165154882qhgh_JPEG/EC8DB8EB84A4EC9DBC_ipad.jpg?type=a210,https://myanimelist.net/images/manga/1/171755l.jpg,7.03,9338.0,8959,True,True
Subtle Disaster,https://webtoon-phinf.pstatic.net/20141124_285/14167932016896t2rq_JPEG/thumb_ipad.jpg?type=a210,https://myanimelist.net/images/manga/3/174116l.jpg,7.27,5798.0,14991,True,True
New Normal: Class 8,https://webtoon-phinf.pstatic.net/20140710_30/14049795236074ynoF_JPEG/35_ED8F89EBB294ED959C8EBB098.jpg?type=a210,https://myanimelist.net/images/manga/1/262809l.jpg,,46054.0,35039,True,True
Aisopos,https://webtoon-phinf.pstatic.net/20140710_199/1404980171159O62mP_JPEG/22_EC9584EC9DB4EC868CED8FACEC8AA4.jpg?type=a210,https://myanimelist.net/images/manga/3/182690l.jpg,7.27,5797.0,12717,True,True
2015: Space Series,https://webtoon-phinf.pstatic.net/20210329_139/1617015843219XivDH_JPEG/62015--Space-Series_ipad.jpg?type=a210,https://myanimelist.net/images/manga/3/282259l.jpg,,46334.0,48724,True,True
No Outtakes,https://webtoon-phinf.pstatic.net/20220301_58/1646103301614FbRwq_JPEG/7NoOuttakes_thumbnail_desktop.jpg?type=a210,https://myanimelist.net/images/manga/2/265013l.jpg,7.21,6485.0,19787,True,True
Dr. Hound,https://webtoon-phinf.pstatic.net/20211209_243/1639017903340VD1Ch_JPEG/7DrHound_Launch_desktop_thumbnail.jpg?type=a210,https://myanimelist.net/images/manga/3/263881l.jpg,,46152.0,36739,True,True
The Legendary Fossil,https://webtoon-phinf.pstatic.net/20220309_276/1646754528413eCfLA_JPEG/5TheLegendaryFossil_thumbnail_desktop.jpg?type=a210,https://myanimelist.net/images/manga/1/263622l.jpg,6.46,18559.0,19802,True,True
Love and Leashes,https://webtoon-phinf.pstatic.net/20220204_46/1643943314283AhQ3K_JPEG/9LoveAndLeashes_thumbnail_desktop.jpg?type=a210,https://myanimelist.net/images/manga/2/181951l.jpg,7.36,4672.0,9758,True,True
Agatha,https://webtoon-phinf.pstatic.net/20211012_239/1633976248969ee2qv_JPEG/8Agatha_Launch_desktop_thumbnail.jpg?type=a210,https://myanimelist.net/images/manga/2/262528l.jpg,6.95,10468.0,25971,True,True
Mythical Errand,https://webtoon-phinf.pstatic.net/20220302_57/1646160720622LaQTH_JPEG/6MythicalErrand_thumbnail_desktop.jpg?type=a210,https://myanimelist.net/images/manga/1/332514l.jpg,,55294.0,72287,True,True
Cierra,https://webtoon-phinf.pstatic.net/20211202_63/16383901903574pOpe_JPEG/1Cierra_thumbnail_desktop.jpg?type=a210,https://myanimelist.net/images/manga/2/262685l.jpg,6.36,19653.0,12924,True,True
Nice To Meet You,https://webtoon-phinf.pstatic.net/20210329_243/16169957520015f2WN_JPEG/0Nice-To-Meet-You_ipad.jpg?type=a210,https://myanimelist.net/images/manga/3/335283l.jpg,,55735.0,58429,True,True
Heavenly Roommates,https://webtoon-phinf.pstatic.net/20210804_161/16280147479849b80y_JPEG/9HeavenlyRoommates_desktop_thumbnail.jpg?type=a210,https://myanimelist.net/images/manga/5/269369l.jpg,6.33,19859.0,26407,True,True
#Blessed,https://webtoon-phinf.pstatic.net/20210329_188/1617011819206ozgEa_JPEG/023Blessed_ipad.jpg?type=a210,https://myanimelist.net/images/manga/2/303771l.jpg,,51013.0,64650,True,True
My Gently Raised Beast,https://webtoon-phinf.pstatic.net/20210409_277/1617932279682KVujI_JPEG/3MyGentlyRaisedBeast_desktop_thumbnail.jpg?type=a210,https://myanimelist.net/images/manga/2/254956l.jpg,7.37,4536.0,2904,True,True
The World After the Fall,https://webtoon-phinf.pstatic.net/20220419_212/1650306597914dndg3_JPEG/2TheWorldAftertheFall_thumbnail_desktop.jpg?type=a210,https://myanimelist.net/images/manga/3/260852l.jpg,7.55,2981.0,552,True,True
The Advanced Player ofthe Tutorial Tower,https://webtoon-phinf.pstatic.net/20210407_153/1617757204185qouwY_JPEG/6TheAdvancedPlayeroftheTutorialTower_desktop_thumbnail.jpg?type=a210,https://myanimelist.net/images/manga/1/260085l.jpg,6.48,18325.0,1436,True,True
The First Night With the Duke,https://webtoon-phinf.pstatic.net/20201111_18/1605035685898L4IRX_JPEG/010_EC8DB8EB84A4EC9DBC_ipad.jpg?type=a210,https://myanimelist.net/images/manga/1/268856l.jpg,7.72,1910.0,2513,True,True
Tricked into Becoming the Heroine's Stepmother,https://webtoon-phinf.pstatic.net/20210714_210/1626210894684e0Nay_JPEG/8Tricked+into+Becoming+the+Heroine27s+StepmotherLaunch_desktop_thumbnail.jpg?type=a210,https://myanimelist.net/images/manga/3/261349l.jpg,7.11,7985.0,4563,True,True
Doom Breaker,https://webtoon-phinf.pstatic.net/20210727_144/1627340910766hCDKg_PNG/0DoomBreaker_desktop_thumbnail.png?type=a210,https://myanimelist.net/images/manga/3/261091l.jpg,7.92,1112.0,577,True,True
Villain to Kill,https://webtoon-phinf.pstatic.net/20210612_193/1623447547542FJ7nc_JPEG/1VillaintoKillLaunch_desktop_thumbnail.jpg?type=a210,https://myanimelist.net/images/manga/3/260735l.jpg,7.3,5411.0,1378,True,True
Rewriting the Villainess,https://webtoon-phinf.pstatic.net/20220405_57/1649107721616Kye99_JPEG/3Rewriting+the+Villainess_Launch_thumbnail_desktop.jpg?type=a210,https://myanimelist.net/images/manga/1/261638l.jpg,6.97,10159.0,7026,True,True
Eleceed,https://webtoon-phinf.pstatic.net/20210410_293/1618006832031e19lx_JPEG/010_EC8DB8EB84A4EC9DBC_ipad.jpg?type=a210,https://myanimelist.net/images/manga/1/260660l.jpg,8.5,172.0,463,True,True
Jungle Juice,https://webtoon-phinf.pstatic.net/20210219_69/1613672012452aYRP0_JPEG/3JungleJuice_desktop_thumbnail.jpg?type=a210,https://myanimelist.net/images/manga/1/260827l.jpg,7.63,2415.0,1221,True,True
Leveling UpMy Husband to the Max,https://webtoon-phinf.pstatic.net/20211013_102/1634093770635JxKJs_JPEG/7Leveling+Up+My+Husband+to+the+Max_launch_desktop_thumbnail.jpg?type=a210,https://myanimelist.net/images/manga/3/261424l.jpg,6.79,13264.0,5342,True,True
Like Wind on a Dry Branch,https://webtoon-phinf.pstatic.net/20201212_275/1607741681951KOJfw_JPEG/0LikeWindonaDryBranch_desktop_thumbnail.jpg?type=a210,https://myanimelist.net/images/manga/1/242316l.jpg,7.6,2645.0,3844,True,True
The God of High School,https://webtoon-phinf.pstatic.net/20210212_188/1613087578490ojEyw_JPEG/7theGodofHighSchool__desktop_thumbnail.jpg?type=a210,https://myanimelist.net/images/manga/1/205814l.jpg,7.67,2134.0,213,True,True
Tower of God,https://webtoon-phinf.pstatic.net/20190318_291/1552868599909GoVLY_JPEG/10_EC8DB8EB84A4EC9DBC_ipad.jpg?type=a210,https://myanimelist.net/images/manga/2/223694l.jpg,8.34,324.0,42,True,True
The Lone Necromancer,https://webtoon-phinf.pstatic.net/20211209_190/1639018225763iM75N_JPEG/8The+Lone+Necromancer_Launch_desktop_thumbnail.jpg?type=a210,https://myanimelist.net/images/manga/3/261510l.jpg,7.06,8841.0,1585,True,True
My In-Laws are Obsessed with Me,https://webtoon-phinf.pstatic.net/20220209_146/1644390381048OMTnz_JPEG/1MyInlawsAreObsessedWithMe_desktop_thumbnail.jpg?type=a210,https://myanimelist.net/images/manga/2/287568l.jpg,7.95,1005.0,1972,True,True
Men of the Harem,https://webtoon-phinf.pstatic.net/20210220_83/1613779516502KxojJ_JPEG/0MenOfTheHarem_desktop_thumbnail.jpg?type=a210,https://myanimelist.net/images/manga/3/261348l.jpg,6.82,12799.0,6553,True,True
The Druid of Seoul Station,https://webtoon-phinf.pstatic.net/20211002_17/1633129378346C9M64_JPEG/6The+Druid+of+Seoul+Station_Launch_desktop_thumbnail.jpg?type=a210,https://myanimelist.net/images/manga/1/261632l.jpg,6.46,18550.0,2483,True,True
See You in My 19th Life,https://webtoon-phinf.pstatic.net/20201210_76/1607541883413o5xno_JPEG/5See+You+in+My+19th+Life_desktop_thumbnail.jpg?type=a210,https://myanimelist.net/images/manga/3/264868l.jpg,8.19,525.0,1462,True,True
My S-Class Hunters,https://webtoon-phinf.pstatic.net/20220312_2/1647031434856NT9Jh_JPEG/3MySClassHunter_thumbnail_desktop.jpg?type=a210,https://myanimelist.net/images/manga/2/337544l.jpg,7.4,4297.0,1351,True,True
Happily Ever Afterwards,https://webtoon-phinf.pstatic.net/20210504_27/1620075006273lOYlg_JPEG/1HappilyEverAfterwards_desktop_thumbnail.jpg?type=a210,https://myanimelist.net/images/manga/2/261156l.jpg,7.86,1315.0,3314,True,True
Hardcore Leveling Warrior,https://webtoon-phinf.pstatic.net/20210410_266/1618009089246OVzkS_JPEG/5Hardcore-Leveling-Warrior_PC_Thumbnail.jpg?type=a210,https://myanimelist.net/images/manga/2/265563l.jpg,7.69,2027.0,2227,True,True
His Majesty's Proposal,https://webtoon-phinf.pstatic.net/20210430_124/161974303151697in3_JPEG/4HisMajesty27sProposal_desktop_thumbnail.jpg?type=a210,https://myanimelist.net/images/manga/3/261339l.jpg,6.75,13962.0,6340,True,True
Dungeons & Artifacts,https://webtoon-phinf.pstatic.net/20210402_183/1617299261293ifilJ_JPEG/7Dungeons26Artifacts_desktop_thumbnail.jpg?type=a210,https://myanimelist.net/images/manga/1/261658l.jpg,6.91,11129.0,3884,True,True
The Princess's Jewels,https://webtoon-phinf.pstatic.net/20210708_40/1625709563037eiA9S_JPEG/2ThePrincess27sJewels_desktop_thumbnail.jpg?type=a210,https://myanimelist.net/images/manga/2/331541l.jpg,,55156.0,49103,True,True
Regina Rena:To the Unforgiven,https://webtoon-phinf.pstatic.net/20220212_63/1644624881360iWw3E_JPEG/5ReginaRenaTo+theUnforgiven_desktop_thumbnail.jpg?type=a210,https://myanimelist.net/images/manga/3/261818l.jpg,7.2,6687.0,6080,True,True
The Lazy Lord Masters the Sword,https://webtoon-phinf.pstatic.net/20210821_5/1629507814953PShqR_JPEG/8The-Lazy-Lord-Masters-the-SwordLaunch_desktop_thumbnail.jpg?type=a210,https://myanimelist.net/images/manga/2/260662l.jpg,7.66,2272.0,834,True,True
The Lone Spellcaster,https://webtoon-phinf.pstatic.net/20211109_183/1636397602548D0gK7_JPEG/4TheLoneSpellcaster_desktop_thumbnail.jpg?type=a210,https://myanimelist.net/images/manga/3/261803l.jpg,5.85,22005.0,4195,True,True
The Newlywed Diaryof a Witch and a Dragon,https://webtoon-phinf.pstatic.net/20210129_267/1611867505788WYGQ8_JPEG/6TheNewlywedDiary_desktop_thumbnail.jpg?type=a210,https://myanimelist.net/images/manga/2/261871l.jpg,6.53,17519.0,8188,True,True
Hero Killer,https://webtoon-phinf.pstatic.net/20210430_194/16197421580955rq8D_JPEG/6HeroKiller_desktop_thumbnail.jpg?type=a210,https://myanimelist.net/images/manga/3/261229l.jpg,7.6,2649.0,1776,True,True
Return to Player,https://webtoon-phinf.pstatic.net/20210401_135/1617253261296o2VLt_JPEG/7ReturntoPlayer_desktop_thumbnail.jpg?type=a210,https://myanimelist.net/images/manga/2/261719l.jpg,7.11,7983.0,1820,True,True
There Must Be Happy Endings,https://webtoon-phinf.pstatic.net/20210709_296/1625782921635Ls4MD_JPEG/5ThereMustBeHappyEndings_desktop_thumbnail.jpg?type=a210,https://myanimelist.net/images/manga/1/261490l.jpg,7.25,5943.0,6764,True,True
"66,666 Years:Advent of the Dark Mage",https://webtoon-phinf.pstatic.net/20211005_195/1633371507632nYFPU_JPEG/166666Years_desktop_thumbnail.jpg?type=a210,https://myanimelist.net/images/manga/2/261306l.jpg,7.28,5641.0,1169,True,True
I Get Stronger the More I Eat,https://webtoon-phinf.pstatic.net/20210729_141/16275207023448uYMp_JPEG/6TheMoreIEatTheStrongerIGetLaunch_desktop_thumbnail.jpg?type=a210,https://myanimelist.net/images/manga/3/261821l.jpg,6.79,13261.0,2334,True,True
The Strongest Florist,https://webtoon-phinf.pstatic.net/20210310_235/1615338677293H1SxM_JPEG/8The+Strongest+Florist_desktop_thumbnail.jpg?type=a210,https://myanimelist.net/images/manga/2/262122l.jpg,6.61,16283.0,5762,True,True
Nina's Magic Chest,https://webtoon-phinf.pstatic.net/20220405_46/16490957246560fUIG_JPEG/5Nina27s+Magic+Chest_Launch_thumbnail_desktop.jpg?type=a210,https://myanimelist.net/images/manga/2/268040l.jpg,,46326.0,37339,True,True
Infinite Leveling: Murim,https://webtoon-phinf.pstatic.net/20210518_230/1621294849462qIPnh_JPEG/7InfiniteLevelingMurim_desktop_thumbnail.jpg?type=a210,https://myanimelist.net/images/manga/1/331088l.jpg,7.45,3752.0,10917,True,True
The Warrior Returns,https://webtoon-phinf.pstatic.net/20210910_97/16312259314423fCS6_JPEG/1TheWarriorReturns_desktop_thumbnail.jpg?type=a210,https://myanimelist.net/images/manga/2/262597l.jpg,7.02,9481.0,2132,True,True
The Male Lead's Girl Friend,https://webtoon-phinf.pstatic.net/20210911_158/163130508886265U4c_JPEG/9TheMaleLeadsGirlfriend_desktop_thumbnail.jpg?type=a210,https://myanimelist.net/images/manga/1/261886l.jpg,6.59,16645.0,7441,True,True
King of the East,https://webtoon-phinf.pstatic.net/20220319_23/1647633112510x8Mvv_JPEG/9KingoftheEast_thumbnail_desktop.jpg?type=a210,https://myanimelist.net/images/manga/1/264387l.jpg,,46210.0,35023,True,True
Murim RPG Simulation,https://webtoon-phinf.pstatic.net/20220113_268/1642017031129o7O16_JPEG/1MurimRPGSim_thumbnail_desktop.jpg?type=a210,https://myanimelist.net/images/manga/2/264060l.jpg,7.37,4541.0,2838,True,True
The Final Raid Boss,https://webtoon-phinf.pstatic.net/20220209_172/1644359339866eeCoF_JPEG/7TheFinalRaidBoss_thumbnail_desktop.jpg?type=a210,https://myanimelist.net/images/manga/3/265014l.jpg,6.38,19479.0,13339,True,True
The Ember Knight,https://webtoon-phinf.pstatic.net/20210611_184/16233765220357tBx2_JPEG/0TheEmberKnight_DesktopThumbnail.jpg?type=a210,https://myanimelist.net/images/manga/1/263539l.jpg,7.82,1486.0,2368,True,True
The MatchmakingBaby Princess,https://webtoon-phinf.pstatic.net/20210722_87/1626916355152glsGv_JPEG/7BabyEmpress_desktop_thumbnail.jpg?type=a210,https://myanimelist.net/images/manga/2/261746l.jpg,6.65,15659.0,13915,True,True
"God, Please Make Me a Demon!",https://webtoon-phinf.pstatic.net/20210731_209/1627682428382tA0Nl_JPEG/0Godpleasemakemeademon_desktop_thumbnail.jpg?type=a210,https://myanimelist.net/images/manga/1/261148l.jpg,6.93,10800.0,13223,True,True
How to Become a Dragon,https://webtoon-phinf.pstatic.net/20200411_244/1586545870596ePOeU_JPEG/10_EC8DB8EB84A4EC9DBC_ipad.jpg?type=a210,https://myanimelist.net/images/manga/2/262534l.jpg,7.55,2982.0,14253,True,True
Philia Rosé: The Prophecy of the Crown of Thorns,https://webtoon-phinf.pstatic.net/20220423_230/1650647581428qqf5X_JPEG/6PhiliaRose_thumbnail_desktop_041922.jpg?type=a210,https://myanimelist.net/images/manga/2/262259l.jpg,7.17,7097.0,13757,True,True
Ultra-Alternate Character,https://webtoon-phinf.pstatic.net/20211111_3/1636569655006lMyqV_JPEG/6UltraAlternateCharacter_desktop_thumbnail.jpg?type=a210,https://myanimelist.net/images/manga/3/263835l.jpg,6.63,15972.0,6528,True,True
So You're Raising a Warrior,https://webtoon-phinf.pstatic.net/20210729_220/1627520530736QiawP_JPEG/6SoYou27reRaisingaWarrior_desktop_thumbnail.jpg?type=a210,https://myanimelist.net/images/manga/3/267206l.jpg,6.97,10164.0,20498,True,True
A Summer Night's Dream,https://webtoon-phinf.pstatic.net/20210708_167/1625684948173yHAz2_JPEG/5A+Summer+Night27s+Dream_desktop_thumbnail.jpg?type=a210,https://myanimelist.net/images/manga/2/263341l.jpg,6.98,10107.0,14444,True,True
A Useless Villain,https://webtoon-phinf.pstatic.net/20210702_83/1625168796166sxdy4_JPEG/1AUselessVillain_Launch_desktop_thumbnail.jpg?type=a210,https://myanimelist.net/images/manga/3/263342l.jpg,5.4,22399.0,10767,True,True
The Earth's Chosen Savior,https://webtoon-phinf.pstatic.net/20211111_31/1636568415630Siuez_JPEG/3TECS_desktop_thumbnail.jpg?type=a210,https://myanimelist.net/images/manga/2/265075l.jpg,6.3,20182.0,13800,True,True
QUESTISM,https://webtoon-phinf.pstatic.net/20220103_69/1641201431987bgafj_JPEG/3QUESTISM_thumbnail_desktop.jpg?type=a210,https://myanimelist.net/images/manga/3/263787l.jpg,7.26,5911.0,1671,True,True
Ghost King,https://webtoon-phinf.pstatic.net/20220226_42/1645827623057Qk6f9_JPEG/9Ghost+King_Launch_thumbnail_desktop.jpg?type=a210,https://myanimelist.net/images/manga/2/262094l.jpg,6.62,16220.0,8605,True,True
Metro Hunter,https://webtoon-phinf.pstatic.net/20210918_6/16319279446562jCLV_JPEG/2MetroHunter_desktop_thumbnail.jpg?type=a210,https://myanimelist.net/images/manga/3/261751l.jpg,6.59,16644.0,24452,True,True
The Crimson Blade,https://webtoon-phinf.pstatic.net/20220302_139/1646160849748DDAOt_JPEG/7TheCrimsonBlade_desktop_thumbnail.jpg?type=a210,https://myanimelist.net/images/manga/1/265362l.jpg,,46325.0,48457,True,True
My Roommate is a Gumiho,https://webtoon-phinf.pstatic.net/20210409_270/1617935643355WDHAb_JPEG/1MyRoommateIsAGumiho_desktop_thumbnail.jpg?type=a210,https://myanimelist.net/images/manga/1/261969l.jpg,6.88,11741.0,17586,True,True
How to Survive a Romance Fantasy,https://webtoon-phinf.pstatic.net/20210610_211/1623290222296HTr7G_JPEG/7HTSRF_desktop_thumbnail.jpg?type=a210,https://myanimelist.net/images/manga/1/262644l.jpg,6.5,18053.0,9612,True,True
Fast Forward,https://webtoon-phinf.pstatic.net/20210505_100/1620177519643TJonM_JPEG/2FastForward_desktop_thumbnail.jpg?type=a210,https://myanimelist.net/images/manga/1/261395l.jpg,6.76,13880.0,14269,True,True
The Monster's Bride,https://webtoon-phinf.pstatic.net/20210908_80/1631064991276NcPYP_JPEG/9TheMonstersBride_desktop_thumbnail.jpg?type=a210,https://myanimelist.net/images/manga/1/265072l.jpg,6.57,16937.0,22846,True,True
Threads of Love,https://webtoon-phinf.pstatic.net/20210824_22/1629743884632aBRPh_JPEG/6ThreadsofLove_desktop_thumbnail.jpg?type=a210,https://myanimelist.net/images/manga/2/261749l.jpg,6.74,14204.0,16235,True,True
The Last Golden Child,https://webtoon-phinf.pstatic.net/20210924_60/1632423228584mBzh9_JPEG/8TheLastGoldenChild_desktop_thumbnail.jpg?type=a210,https://myanimelist.net/images/manga/3/264018l.jpg,7.06,8851.0,23540,True,True
Anti-Monster Force,https://webtoon-phinf.pstatic.net/20210714_186/1626210046250XEWzM_JPEG/0AntiMonsterForceLaunch_desktop_thumbnail.jpg?type=a210,https://myanimelist.net/images/manga/2/331963l.jpg,,55224.0,66994,True,True
Psychic Studies,https://webtoon-phinf.pstatic.net/20220203_69/1643899796261R6XhF_JPEG/4PsychicStudies_desktop_thumbnail.jpg?type=a210,https://myanimelist.net/images/manga/2/264436l.jpg,6.8,13177.0,15901,True,True
Once a Hero,https://webtoon-phinf.pstatic.net/20210803_291/1627948714196prKx4_JPEG/9OnceAHero_desktop_thumbnail.jpg?type=a210,https://myanimelist.net/images/manga/2/332112l.jpg,,55255.0,60599,True,True
Neolithic Girl,https://webtoon-phinf.pstatic.net/20210612_118/1623448087713CFiEL_JPEG/5NeolithicGirl_desktop_thumbnail.jpg?type=a210,https://myanimelist.net/images/manga/2/263361l.jpg,6.61,16286.0,16536,True,True
Prince Maker,https://webtoon-phinf.pstatic.net/20210916_140/1631726442155Ng4Hp_JPEG/3PrinceMaker_desktop_thumbnail.jpg?type=a210,https://myanimelist.net/images/manga/3/264523l.jpg,6.66,15579.0,23097,True,True
Protect the Knight,https://webtoon-phinf.pstatic.net/20210908_137/1631076226597rACPm_JPEG/7ProtectTheKnight_desktop_thumbnail.jpg?type=a210,https://myanimelist.net/images/manga/3/263039l.jpg,6.8,13180.0,23529,True,True
"Good Luck, Hero!",https://webtoon-phinf.pstatic.net/20210908_273/1631075896585OmmRV_JPEG/0GoodLuckHero21_desktop_thumbnail.jpg?type=a210,https://myanimelist.net/images/manga/1/265161l.jpg,6.88,11746.0,22800,True,True
Best Teacher Baek,https://webtoon-phinf.pstatic.net/20220427_61/1651008724715cEWkG_JPEG/2BestTeacherBaek_thumbnail_desktop.jpg?type=a210,https://myanimelist.net/images/manga/3/323974l.jpg,7.56,2952.0,3322,True,True
Zero Game,https://webtoon-phinf.pstatic.net/20210209_25/16128381392481gSG6_JPEG/2ZeroGame_desktop_thumbnail.jpg?type=a210,https://myanimelist.net/images/manga/2/262603l.jpg,6.59,16648.0,12234,True,True
The Fabled Warrior,https://webtoon-phinf.pstatic.net/20210729_233/1627519096327dxdIC_JPEG/2TheFabledWarrior_desktop_thumbnail.jpg?type=a210,https://myanimelist.net/images/manga/3/262832l.jpg,6.64,15904.0,23815,True,True
Tenants from Another World,https://webtoon-phinf.pstatic.net/20210709_282/1625794894551gA2Xe_JPEG/5Tenants+from+Another+World_desktop_thumbnail.jpg?type=a210,https://myanimelist.net/images/manga/2/332357l.jpg,,55279.0,64536,True,True
Hwarang: Flower Knights of the Underworld,https://webtoon-phinf.pstatic.net/20220209_253/1644347904705XTmSh_JPEG/2Hwarang_thumbnail_desktop.jpg?type=a210,https://myanimelist.net/images/manga/2/333097l.jpg,,55369.0,78682,True,True
Kubera,https://webtoon-phinf.pstatic.net/20220129_54/1643394932287ekbdH_JPEG/8Kubera_desktop_thumbnail.jpg?type=a210,https://myanimelist.net/images/manga/3/74413l.jpg,8.01,861.0,1478,True,True
Eyes,https://webtoon-phinf.pstatic.net/20210917_89/1631804520324oo787_JPEG/2Eyes_desktop_thumbnail.jpg?type=a210,https://myanimelist.net/images/manga/3/263992l.jpg,6.82,12801.0,29965,True,True
Denma,https://webtoon-phinf.pstatic.net/20210329_69/1617017067761XvqXi_JPEG/4Denma_ipad.jpg?type=a210,https://myanimelist.net/images/manga/1/174115l.jpg,6.94,10693.0,29849,True,True
Trump,https://webtoon-phinf.pstatic.net/20140710_16/1404979920243kVOsl_JPEG/33_ED8AB8EB9FBCED9484.jpg?type=a210,https://myanimelist.net/images/manga/1/262762l.jpg,,46057.0,27978,True,True
My Universe,https://webtoon-phinf.pstatic.net/20211103_237/1635888618269bsWLe_JPEG/8MyUniverse_desktop_thumbnail.jpg?type=a210,https://myanimelist.net/images/manga/1/262592l.jpg,6.83,12531.0,18886,True,True
Noblesse: Rai's Adventure,https://webtoon-phinf.pstatic.net/20160129_206/14540614867385F0C3_JPEG/thumb_ipad.jpg?type=a210,https://myanimelist.net/images/manga/1/331292l.jpg,,55096.0,41672,True,True
The Wolf & Red Riding Hood,https://webtoon-phinf.pstatic.net/20210329_283/161699566241644n3n_JPEG/0The-Wolf-26-Red-Riding-Hood_ipad.jpg?type=a210,https://myanimelist.net/images/manga/3/262518l.jpg,6.95,10467.0,14622,True,True
Hellper,https://webtoon-phinf.pstatic.net/20140710_98/1404978708013Ubsq0_JPEG/14_ED97ACED8DBC.jpg?type=a210,https://myanimelist.net/images/manga/3/106053l.jpg,7.91,1146.0,1476,True,True
Mosquito Wars,https://webtoon-phinf.pstatic.net/20210214_109/1613258173264Lbp9B_JPEG/1MosquitoWars_desktop_thumbnail.jpg?type=a210,https://myanimelist.net/images/manga/1/237418l.jpg,7.31,5177.0,5324,True,True
For the Sake of Sita,https://webtoon-phinf.pstatic.net/20210329_294/1616995335735Vtale_JPEG/9For-the-Sake-of-Sita_ipad.jpg?type=a210,https://myanimelist.net/images/manga/1/174110l.jpg,7.34,4884.0,6387,True,True
Super Secret,https://webtoon-phinf.pstatic.net/20160429_118/1461910588239SLc71_JPEG/EC8DB8EB84A4EC9DBC_ipad.jpg?type=a210,https://myanimelist.net/images/manga/1/209393l.jpg,7.85,1321.0,2423,True,True
Noblesse,https://webtoon-phinf.pstatic.net/20151006_104/1444124999947bsohP_JPEG/_EB93BBEB80AF_EBA38CEABCA5_E29587EABCB1_EB9384EB84B0_ipa.jpg?type=a210,https://myanimelist.net/images/manga/2/266261l.jpg,8.09,711.0,138,True,True
ORANGE MARMALADE,https://webtoon-phinf.pstatic.net/20140710_186/1404979009249BDvE6_JPEG/25_EC98A4EBA08CECA780EBA788EBA790EBA088EC9DB4EB939C.jpg?type=a210,https://myanimelist.net/images/manga/1/95567l.jpg,7.81,1524.0,461,True,True
The Girl Who Sees Smells,https://webtoon-phinf.pstatic.net/20210909_47/16311432988762J2ll_JPEG/2The+Girl+Who+Sees+Smells_Launch_desktop_thumbnail.jpg?type=a210,https://myanimelist.net/images/manga/1/189041l.jpg,,36357.0,29854,True,True
Refund High School,https://webtoon-phinf.pstatic.net/20190613_90/1560396220757zmrMc_JPEG/bbbb.jpg?type=a210,https://myanimelist.net/images/manga/2/261887l.jpg,7.52,3232.0,8973,True,True
microHUNTER,https://webtoon-phinf.pstatic.net/20201030_264/1604003235659gAc96_JPEG/110_EC8DB8EB84A4EC9DBC_ipad.jpg?type=a210,https://myanimelist.net/images/manga/1/262627l.jpg,6.56,17163.0,11036,True,True
Flow,https://webtoon-phinf.pstatic.net/20150119_172/1421654507254eXQbT_JPEG/EC8DB8EB84A4EC9DBC_ipad.jpg?type=a210,https://myanimelist.net/images/manga/3/216590l.jpg,7.49,3389.0,3987,True,True
GOSU,https://webtoon-phinf.pstatic.net/20220129_55/1643396350932NAImr_JPEG/2Gosu_desktop_thumbnail.jpg?type=a210,https://myanimelist.net/images/manga/1/261692l.jpg,7.92,1112.0,2261,True,True
LESSA,https://webtoon-phinf.pstatic.net/20140814_57/1407994927781WzPSi_JPEG/10_EBA088EC82AC.jpg?type=a210,https://myanimelist.net/images/manga/2/221652l.jpg,7.42,4084.0,8371,True,True
FLOWAR,https://webtoon-phinf.pstatic.net/20210122_234/1611267081747COnQH_JPEG/1flowar_desktop_thumbnail.jpg?type=a210,https://myanimelist.net/images/manga/2/331978l.jpg,,55228.0,69266,True,True
DICE,https://webtoon-phinf.pstatic.net/20140814_36/14079949582052AbHT_JPEG/11_EB8BA4EC9DB4EC8AA4.jpg?type=a210,https://myanimelist.net/images/manga/3/261754l.jpg,6.71,14622.0,2435,True,True
Guardians of the Video Game,https://webtoon-phinf.pstatic.net/20141219_119/1418979728532a8VAP_JPEG/EC8DB8EB84A4EC9DBC_IPAD.jpg?type=a210,https://myanimelist.net/images/manga/1/167685l.jpg,7.05,9001.0,31761,True,True
SOUL CARTEL,https://webtoon-phinf.pstatic.net/20210329_189/1616996508899rSMfr_JPEG/1SOUL-CARTEL_ipad.jpg?type=a210,https://myanimelist.net/images/manga/3/262835l.jpg,7.07,8583.0,17952,True,True
Fantasy Sketch - The Game,https://webtoon-phinf.pstatic.net/20210329_151/1616995264776H90Y6_JPEG/2Fantasy-Sketch---The-Game_ipad.jpg?type=a210,https://myanimelist.net/images/manga/1/265320l.jpg,,46321.0,55217,True,True
Magician,https://webtoon-phinf.pstatic.net/20140710_89/1404980626348qVbNr_JPEG/08_EBA788EC88A0EC82AC.jpg?type=a210,https://myanimelist.net/images/manga/3/262587l.jpg,7.14,7621.0,21585,True,True
Aura from Another Planet,https://webtoon-phinf.pstatic.net/20141223_186/1419325879763iafBC_JPEG/EC8DB8EB84A4EC9DBC_ipad.jpg?type=a210,https://myanimelist.net/images/manga/3/264290l.jpg,,46202.0,47805,True,True
Knight Run,https://webtoon-phinf.pstatic.net/20210329_248/1616995823118KDiR8_JPEG/3Knight-Run_ipad.jpg?type=a210,https://myanimelist.net/images/manga/5/272608l.jpg,7.59,2721.0,6880,True,True
Promise of an Orchid,https://webtoon-phinf.pstatic.net/20220309_70/1646791751181wWJ9h_JPEG/8PromiseofanOrchid_thumbnail_desktop.jpg?type=a210,https://myanimelist.net/images/manga/1/263401l.jpg,7.55,2983.0,4493,True,True
Deadlife,https://webtoon-phinf.pstatic.net/20220217_289/1645041417074OFUrq_JPEG/5DeadLife_thumbnail_desktop.jpg?type=a210,https://myanimelist.net/images/manga/2/264944l.jpg,6.54,17465.0,15795,True,True
I'm the Max-Level Newbie,https://webtoon-phinf.pstatic.net/20220217_12/1645053052017fTiLD_JPEG/3IE28099mtheMaxLevelNewbie_desktop_thumbnail.jpg?type=a210,https://myanimelist.net/images/manga/1/274479l.jpg,7.67,2152.0,467,True,True
THE STAR SEEKERS,https://webtoon-phinf.pstatic.net/20220115_187/1642207187650dDhDw_JPEG/1thumb_ipad.jpg?type=a210,https://myanimelist.net/images/manga/2/292581l.jpg,6.39,19324.0,23505,True,True
DARK MOON:THE BLOOD ALTAR,https://webtoon-phinf.pstatic.net/20220114_98/1642140070321vnvy9_JPEG/1thumb_ipad.jpg?type=a210,https://myanimelist.net/images/manga/2/293518l.jpg,7.1,8223.0,7183,True,True
7FATES: CHAKHO,https://webtoon-phinf.pstatic.net/20220114_190/1642161089918Wl2lm_JPEG/0thumb_ipad.jpg?type=a210,https://myanimelist.net/images/manga/2/290995l.jpg,6.76,13883.0,13121,True,True
Act Like You Love Me!,https://webtoon-phinf.pstatic.net/20210310_96/1615339805616NWwpz_JPEG/0ALYLM_desktop_thumbnail.jpg?type=a210,https://myanimelist.net/images/manga/2/264634l.jpg,7.42,4092.0,4207,True,True
Love Falls Like Rain,https://webtoon-phinf.pstatic.net/20210611_243/1623375040633HBkRD_JPEG/0LoveFallsLikeRain_desktop_thumbnail.jpg?type=a210,https://myanimelist.net/images/manga/2/331607l.jpg,,55176.0,73010,True,True
Athena Complex,https://webtoon-phinf.pstatic.net/20210128_9/1611798038226G4IQP_JPEG/7Athena+Complex_desktop_thumbnail.jpg?type=a210,https://myanimelist.net/images/manga/3/262625l.jpg,6.48,18328.0,20873,True,True
Your Smile is a Trap,https://webtoon-phinf.pstatic.net/20210329_191/1617004364171zd189_JPEG/0Your-Smile-is-a-Trap_ipad.jpg?type=a210,https://myanimelist.net/images/manga/1/261498l.jpg,7.44,3897.0,6642,True,True
Romance 101,https://webtoon-phinf.pstatic.net/20201216_127/1608070561814dFKqO_JPEG/4A+Guide+to+Proper+Dating_desktop_thumbnail.jpg?type=a210,https://myanimelist.net/images/manga/3/238367l.jpg,8.19,523.0,2583,True,True
So I Married the Anti-Fan,https://webtoon-phinf.pstatic.net/20210504_147/1620087709170Mg5ns_JPEG/3SoIMarriedtheAntifan_desktop_thumbnail.jpg?type=a210,https://myanimelist.net/images/manga/3/261851l.jpg,7.04,9153.0,7286,True,True
Killer Bang: The First Kill,https://webtoon-phinf.pstatic.net/20220430_18/1651280182777jH1xO_JPEG/6KillerBangTheFirstKill_desktop_thumbnail.jpg?type=a210,https://myanimelist.net/images/manga/2/263840l.jpg,,46146.0,49798,True,True
Our Beloved Summer,https://webtoon-phinf.pstatic.net/20211126_214/1637890730659HTVCn_JPEG/9thumb_ipad.jpg?type=a210,https://myanimelist.net/images/manga/3/258480l.jpg,7.61,2540.0,8074,True,True
My Younger Brother's Friend,https://webtoon-phinf.pstatic.net/20210811_35/16286350351059E1Oe_JPEG/6MyYougnerBrothersFriend_desktop_thumbnail.jpg?type=a210,https://myanimelist.net/images/manga/1/262800l.jpg,6.99,9858.0,12738,True,True
Daily JoJo,https://webtoon-phinf.pstatic.net/20210901_270/1630451908319Vv2fE_JPEG/9Daily+JoJo_desktop_thumbnail.jpg?type=a210,https://myanimelist.net/images/manga/3/267217l.jpg,7.44,3897.0,22081,True,True
The Build Up,https://webtoon-phinf.pstatic.net/20210504_136/1620081393942rcjD2_JPEG/0TheBuildUp_desktop_thumbnail.jpg?type=a210,https://myanimelist.net/images/manga/1/261883l.jpg,7.32,5140.0,9436,True,True
My Irresistible Ex,https://webtoon-phinf.pstatic.net/20210917_17/1631833958493uVPV3_JPEG/7My+Irresistible+Ex_Launch_desktop_thumbnail.jpg?type=a210,https://myanimelist.net/images/manga/3/263947l.jpg,6.44,18800.0,27480,True,True
The Hip Guy,https://webtoon-phinf.pstatic.net/20210402_217/1617323575952YPd4H_JPEG/7TheHipGuy_desktop_thumbnail.jpg?type=a210,https://myanimelist.net/images/manga/1/262691l.jpg,6.54,17458.0,24854,True,True
'Til Debt Do Us Part,https://webtoon-phinf.pstatic.net/20220224_58/1645647670280FQ2hD_JPEG/1TDDUP_thumbnail_desktop.jpg?type=a210,https://myanimelist.net/images/manga/3/262678l.jpg,7.7,2006.0,4142,True,True
Meow Rangers,https://webtoon-phinf.pstatic.net/20210827_195/1630026897271GaEqi_JPEG/5Meow+Rangers_Launch_desktop_thumbnail.jpg?type=a210,https://myanimelist.net/images/manga/2/264152l.jpg,,46182.0,38429,True,True
My Daughter is a Zombie,https://webtoon-phinf.pstatic.net/20200923_52/16008150892541v64h_JPEG/810_EC8DB8EB84A4EC9DBC_ipad.jpg?type=a210,https://myanimelist.net/images/manga/3/267317l.jpg,7.73,1818.0,14897,True,True
10th Dimension Boys,https://webtoon-phinf.pstatic.net/20150327_241/1427450099345PxrN7_JPEG/24_EC868CEB8584EB93A4EC9D80.jpg?type=a210,https://myanimelist.net/images/manga/2/280010l.jpg,6.86,12106.0,36635,True,True
Meow Man,https://webtoon-phinf.pstatic.net/20191001_121/1569868473134XPoR3_JPEG/10_EC8DB8EB84A4EC9DBC_ipad.jpg?type=a210,https://myanimelist.net/images/manga/2/236758l.jpg,6.96,10397.0,16830,True,True
Moon You,https://webtoon-phinf.pstatic.net/20180321_259/1521596348162GhzbA_JPEG/10_EC8DB8EB84A4EC9DBC_ipad.jpg?type=a210,https://myanimelist.net/images/manga/1/227133l.jpg,7.79,1580.0,9192,True,True
I Don't Want This Kind of Hero,https://webtoon-phinf.pstatic.net/20140814_19/1407995006489wTBI6_JPEG/26_EC9DB4EB9FB0EC9881EC9B85EC9D80EC8BABEC96B4.jpg?type=a210,https://myanimelist.net/images/manga/3/295659l.jpg,7.52,3203.0,5448,True,True
The Sound of Your Heart,https://webtoon-phinf.pstatic.net/20140731_10/140678944961372GJo_JPEG/06_EBA788EC9D8CEC9D98EC868CEBA6AC.jpg?type=a210,https://myanimelist.net/images/manga/2/271833l.jpg,,44130.0,37223,True,True
A Bittersweet Life,https://webtoon-phinf.pstatic.net/20140922_43/1411355171178Y4Ike_JPEG/pad_thumb.jpg?type=a210,https://myanimelist.net/images/manga/3/148197l.jpg,6.77,13738.0,24039,True,True
3-Second Strip,https://webtoon-phinf.pstatic.net/20150121_115/1421803331584sKl2k_JPEG/EC8DB8EB84A4EC9DBC_ipad.jpg?type=a210,https://myanimelist.net/images/manga/3/281009l.jpg,,46427.0,53924,True,True
Her Mannequin,https://webtoon-phinf.pstatic.net/20210610_150/16232812089525n9ce_JPEG/2HerMannequin_desktop_thumbnail.jpg?type=a210,https://myanimelist.net/images/manga/1/331705l.jpg,,55197.0,58034,True,True
The Boxer,https://webtoon-phinf.pstatic.net/20210407_202/161775671077603hr3_JPEG/9TheBoxer_PC_Thumbnail.jpg?type=a210,https://myanimelist.net/images/manga/3/251281l.jpg,8.48,198.0,327,True,True
Happiness,https://webtoon-phinf.pstatic.net/20220331_193/1648680405296aR6VG_JPEG/0Happiness_thumbnail_desktop.jpg?type=a210,https://myanimelist.net/images/manga/3/265323l.jpg,,46322.0,33879,True,True
The Gamer,https://webtoon-phinf.pstatic.net/20210329_218/16169951215067JJXW_JPEG/6The-Gamer_ipad.jpg?type=a210,https://myanimelist.net/images/manga/2/262502l.jpg,6.5,18051.0,2054,True,True
Return of the Blossoming Blade,https://webtoon-phinf.pstatic.net/20210611_86/1623376090624z839N_JPEG/5ReturnoftheBlossomingBlade_desktop_thumbnail.jpg?type=a210,https://myanimelist.net/images/manga/2/275074l.jpg,8.45,216.0,523,True,True
Return of the Mad Demon,https://webtoon-phinf.pstatic.net/20211203_225/1638480017516SkJFm_JPEG/0Return+of+the+Mad+Demon_desktop_thumbnail.jpg?type=a210,https://myanimelist.net/images/manga/2/323043l.jpg,7.92,1113.0,976,True,True
Machine Uprising,https://webtoon-phinf.pstatic.net/20220429_33/1651218176225yQd2u_JPEG/3MachineUprising_thumbnail_desktop.jpg?type=a210,https://myanimelist.net/images/manga/2/263603l.jpg,,46120.0,39590,True,True
Double Click,https://webtoon-phinf.pstatic.net/20211203_124/1638481035079Hg0l7_JPEG/6DoubleClick_desktop_thumbnail.jpg?type=a210,https://myanimelist.net/images/manga/3/263284l.jpg,6.84,12469.0,8091,True,True
Hanlim Gym,https://webtoon-phinf.pstatic.net/20210611_280/1623376981595Xlvay_JPEG/1HanlimGym_desktop_thumbnail.jpg?type=a210,https://myanimelist.net/images/manga/1/261220l.jpg,7.23,6207.0,9906,True,True
No Scope,https://webtoon-phinf.pstatic.net/20210219_9/16136889042866Cjr5_JPEG/1No+Scope_desktop_thumbnail.jpg?type=a210,https://myanimelist.net/images/manga/1/261217l.jpg,6.64,15898.0,10915,True,True
Infinity,https://webtoon-phinf.pstatic.net/20220302_204/1646158752133RrQBU_JPEG/1Infinity_thumbnail_desktop.jpg?type=a210,https://myanimelist.net/images/manga/1/264821l.jpg,6.69,14965.0,27793,True,True
REAWAKENED MAN,https://webtoon-phinf.pstatic.net/20211026_252/1635183541896jNLRk_JPEG/7ReawakenedMan_desktop_thumbnail.jpg?type=a210,https://myanimelist.net/images/manga/2/263659l.jpg,6.9,11393.0,7888,True,True
100,https://webtoon-phinf.pstatic.net/20220113_64/1642064464123AQ6un_JPEG/8100_desktop_thumbnail.jpg?type=a210,https://myanimelist.net/images/manga/2/264692l.jpg,6.56,17165.0,18623,True,True
Taekwondo Kid,https://webtoon-phinf.pstatic.net/20210827_239/1630010439386pQGjz_JPEG/3Taekwondokid_desktop_thumbnail.jpg?type=a210,https://myanimelist.net/images/manga/1/264251l.jpg,6.63,15970.0,33338,True,True
Spirit Hunter,https://webtoon-phinf.pstatic.net/20210728_24/1627436569503Gh1dM_JPEG/7SpiritHunter_desktop_thumbnail.jpg?type=a210,https://myanimelist.net/images/manga/1/263458l.jpg,6.7,14894.0,21941,True,True
Locker & Opener,https://webtoon-phinf.pstatic.net/20210306_62/16149687653864Yw5m_JPEG/9LockersandOpener_desktop_thumbnail.jpg?type=a210,https://myanimelist.net/images/manga/3/264525l.jpg,6.91,11140.0,22148,True,True
R-X: RAYER HUNTER,https://webtoon-phinf.pstatic.net/20211013_176/1634073104170zJldR_JPEG/4R-X_Launch_desktop_thumbnail.jpg?type=a210,https://myanimelist.net/images/manga/2/281650l.jpg,,46429.0,58383,True,True
The Retreats,https://webtoon-phinf.pstatic.net/20220129_64/1643399923458wchzM_JPEG/9TheRetreats_thumbnail_desktop.jpg?type=a210,https://myanimelist.net/images/manga/1/264695l.jpg,,46127.0,36460,True,True
SAMADHI,https://webtoon-phinf.pstatic.net/20210701_81/1625094261398mztSG_JPEG/4Samadhi_desktop_thumbnail.jpg?type=a210,https://myanimelist.net/images/manga/1/263950l.jpg,6.53,17529.0,20653,True,True
Nano List,https://webtoon-phinf.pstatic.net/20160628_189/1467096822570BqIgi_JPEG/thumb_ipad.jpg?type=a210,https://myanimelist.net/images/manga/3/261488l.jpg,7.45,3735.0,7642,True,True
SIDEKICKS,https://webtoon-phinf.pstatic.net/20140710_170/1404979669887eREEx_JPEG/31_EC82ACEC9DB4EB939CED82A5.jpg?type=a210,https://myanimelist.net/images/manga/1/263647l.jpg,,46124.0,38335,True,True
The Red Hook,https://webtoon-phinf.pstatic.net/20160406_67/14599061783755CgGP_JPEG/thumb_ipad.jpg?type=a210,https://myanimelist.net/images/manga/2/264878l.jpg,6.07,21465.0,25900,True,True
Island,https://webtoon-phinf.pstatic.net/20220210_129/1644500131913mk0bj_JPEG/7Island_desktop_thumbnail.jpg?type=a210,https://myanimelist.net/images/manga/3/270452l.jpg,7.03,9240.0,7035,True,True
Wind Breaker,https://webtoon-phinf.pstatic.net/20200330_45/1585526417230vbvju_JPEG/10_EC8DB8EB84A4EC9DBC_ipad.jpg?type=a210,https://myanimelist.net/images/manga/1/189563l.jpg,8.56,139.0,282,True,True
TACIT,https://webtoon-phinf.pstatic.net/20210729_139/1627507696413yDhTm_JPEG/0TACIT_desktop_thumbnail.jpg?type=a210,https://myanimelist.net/images/manga/1/262939l.jpg,7.19,6751.0,11260,True,True
The Dog Diaries,https://webtoon-phinf.pstatic.net/20210708_153/16257006041883XM5e_JPEG/5TheDogDiariesLaunch_desktop_thumbnail.jpg?type=a210,https://myanimelist.net/images/manga/1/248658l.jpg,,44672.0,34726,True,True
"Sarah, I'm Sorry:Welcome to Our Galaxy",https://webtoon-phinf.pstatic.net/20220114_235/1642121641239KqJmi_JPEG/2Sarah+I27m+Sorry_Launch_desktop_thumbnail.jpg?type=a210,https://myanimelist.net/images/manga/2/279693l.jpg,6.84,12475.0,21701,True,True
Nevertheless,https://webtoon-phinf.pstatic.net/20210504_146/162009146572409kmR_JPEG/8Nevertheless_desktop_thumbnail.jpg?type=a210,https://myanimelist.net/images/manga/2/262504l.jpg,6.61,16283.0,13877,True,True
Smile Brush,https://webtoon-phinf.pstatic.net/20140710_274/1404978783693yHYhx_JPEG/23_EC8AA4EBA788EC9DBCEBB88CEB9FACEC8B9C.jpg?type=a210,https://myanimelist.net/images/manga/2/174109l.jpg,7.27,5796.0,19488,True,True
Smile Brush: My Old Pictures,https://webtoon-phinf.pstatic.net/20141031_137/14147665138144JST5_JPEG/EC8DB8EB84A4EC9DBC_ipad_EC8AA4EBA788EC9DBCEBB88CEB9FACE.jpg?type=a210,https://myanimelist.net/images/manga/3/299838l.jpg,7.48,3506.0,19118,True,True
My Kitty and Old Dog,https://webtoon-phinf.pstatic.net/20140620_232/1403226945102lfvgK_JPEG/02_EB82B4EC96B4EBA6B0EAB3A0EC9691EC9DB4EC9980EB8A99EC9.jpg?type=a210,https://myanimelist.net/images/manga/1/110527l.jpg,7.82,1473.0,7448,True,True
Midnight Rhapsody,https://webtoon-phinf.pstatic.net/20140619_188/1403172479131IkG1j_JPEG/01_EAB3A8EBB0A9ED9998EC8381EAB3A1.jpg?type=a210,https://myanimelist.net/images/manga/2/106173l.jpg,,29866.0,40876,True,True
All That We Hope to Be,https://webtoon-phinf.pstatic.net/20150508_226/1431075401173kxYay_JPEG/EC8DB8EB84A4EC9DBC_ipad.jpg?type=a210,https://myanimelist.net/images/manga/2/265282l.jpg,,46314.0,40871,True,True
Penguin Loves Mev,https://webtoon-phinf.pstatic.net/20140710_179/1404978846816XartS_JPEG/43_ED8EADEAB784EB9FACEBB88CEC8AA4EBA994EBB88C.jpg?type=a210,https://myanimelist.net/images/manga/1/167686l.jpg,,35029.0,50290,True,True
Jingle Jungle,https://webtoon-phinf.pstatic.net/20140827_59/1409115983116pmkkw_JPEG/thumb_ipad.jpg?type=a210,https://myanimelist.net/images/manga/3/264046l.jpg,,46175.0,68790,True,True
The Kiss Bet,https://webtoon-phinf.pstatic.net/20200606_156/1591401716322FNDzo_JPEG/10_EC8DB8EB84A4EC9DBC_ipad.jpg?type=a210,https://myanimelist.net/images/manga/2/331659l.jpg,,,51240,True,True
The Doctors are Out,https://webtoon-phinf.pstatic.net/20220225_300/1645742332164XvWPq_JPEG/0The+DoctorsareOut_thumbnail_desktop.jpg?type=a210,https://myanimelist.net/images/manga/1/271954l.jpg,6.89,11476.0,12384,True,True
Surviving Romance,https://webtoon-phinf.pstatic.net/20210414_66/1618358431302m6VIi_JPEG/3SurvivingRomance_desktop_thumbnail.jpg?type=a210,https://myanimelist.net/images/manga/2/270717l.jpg,8.12,649.0,2173,True,True
Half-Ghost,https://webtoon-phinf.pstatic.net/20210505_189/1620178154285jkJN7_JPEG/3Half-Ghost_desktop_thumbnail.jpg?type=a210,https://myanimelist.net/images/manga/1/261959l.jpg,7.0,9800.0,20619,True,True
Shadow Bride,https://webtoon-phinf.pstatic.net/20210407_54/1617747414852xvnwJ_JPEG/4ShadowBride_desktop_thumbnail.jpg?type=a210,https://myanimelist.net/images/manga/1/263359l.jpg,6.54,17464.0,19655,True,True
Devilish Romance,https://webtoon-phinf.pstatic.net/20210310_232/16153464224195n0yu_PNG/9DevilishRomance_desktop_thumbnail.png?type=a210,https://myanimelist.net/images/manga/3/262903l.jpg,6.99,9860.0,12999,True,True
Mystical,https://webtoon-phinf.pstatic.net/20200813_159/1597263189516d44Fq_JPEG/10_EC8DB8EB84A4EC9DBC_ipad.jpg?type=a210,https://myanimelist.net/images/manga/2/244674l.jpg,8.08,740.0,5609,True,True
The Double Agent,https://webtoon-phinf.pstatic.net/20210803_287/1627933591560sD6V0_JPEG/8TheDoubleAgent_desktop_thumbnail.jpg?type=a210,https://myanimelist.net/images/manga/1/263460l.jpg,6.34,19824.0,18247,True,True
The Most Ordinary Girl,https://webtoon-phinf.pstatic.net/20220503_245/1651517667644RtKaR_JPEG/1OrdinaryGirl_thumbnail_desktop.jpg?type=a210,https://myanimelist.net/images/manga/2/261875l.jpg,6.24,20641.0,28957,True,True
Floating in My Mind,https://webtoon-phinf.pstatic.net/20211012_209/1633973456827FbXHP_JPEG/2Floating+in+My+Mind_Launch__desktop_thumbnail.jpg?type=a210,https://myanimelist.net/images/manga/2/262767l.jpg,6.27,20371.0,27280,True,True
Swimming Lessons for a Mermaid,https://webtoon-phinf.pstatic.net/20210212_6/1613087418022E1BXm_JPEG/6SLFAM_desktop_thumbnail.jpg?type=a210,https://myanimelist.net/images/manga/1/258329l.jpg,7.54,3102.0,6469,True,True
When the Day Comes,https://webtoon-phinf.pstatic.net/20210413_84/1618294346458kD3j9_JPEG/2WhenTheDayComes_desktop_thumbnail.jpg?type=a210,https://myanimelist.net/images/manga/1/260607l.jpg,7.61,2537.0,10940,True,True
Dating With a Tail,https://webtoon-phinf.pstatic.net/20201112_7/1605118411429xSRw5_JPEG/910_EC8DB8EB84A4EC9DBC_ipad.jpg?type=a210,https://myanimelist.net/images/manga/2/262614l.jpg,6.51,17811.0,16121,True,True
Ghost Wife,https://webtoon-phinf.pstatic.net/20181026_223/1540517103219JIDOO_JPEG/10_EC8DB8EB84A4EC9DBC_ipad.jpg?type=a210,https://myanimelist.net/images/manga/2/261958l.jpg,7.26,5909.0,8941,True,True
Devil Number 4,https://webtoon-phinf.pstatic.net/20210329_176/1616994809837shFgM_JPEG/4Devil-Number-4_ipad.jpg?type=a210,https://myanimelist.net/images/manga/2/233763l.jpg,7.59,2673.0,3277,True,True
unTouchable,https://webtoon-phinf.pstatic.net/20140710_240/1404980084194ATjbR_JPEG/19_EC96B8ED84B0ECB298EBB894.jpg?type=a210,https://myanimelist.net/images/manga/3/261479l.jpg,7.24,6173.0,8498,True,True
It Was All You,https://webtoon-phinf.pstatic.net/20210504_243/16200684017948xh7F_JPEG/2It+Was+All+You_desktop_thumbnail.jpg?type=a210,https://myanimelist.net/images/manga/3/263000l.jpg,6.58,16883.0,24786,True,True
Arma,https://webtoon-phinf.pstatic.net/20210329_197/1617016215983hI6DO_JPEG/4Arma_ipad.jpg?type=a210,https://myanimelist.net/images/manga/2/237322l.jpg,6.64,15886.0,18589,True,True
XINK3R,https://webtoon-phinf.pstatic.net/20150914_55/1442197917930QozDU_JPEG/_EB93BBEB80AF_EBA38CEABCA5_E29587EABCB1_EB9384EB84B0_ipa.jpg?type=a210,https://myanimelist.net/images/manga/3/263885l.jpg,,46153.0,53229,True,True
Rebirth,https://webtoon-phinf.pstatic.net/20210701_99/16250974014858Y2Wj_JPEG/2Rebirth_desktop_thumbnail.jpg?type=a210,https://myanimelist.net/images/manga/2/3578l.jpg,7.36,4612.0,8134,True,True
Parallel City,https://webtoon-phinf.pstatic.net/20210329_163/1616995813498CItCj_JPEG/8Parallel-City_ipad.jpg?type=a210,https://myanimelist.net/images/manga/1/261154l.jpg,7.7,2005.0,11991,True,True
Harmonia,https://webtoon-phinf.pstatic.net/20211028_250/1635376609747BcWC2_JPEG/5Harmonia_desktop_thumbnail.jpg?type=a210,https://myanimelist.net/images/manga/2/263942l.jpg,,46156.0,38793,True,True
Hellbound,https://webtoon-phinf.pstatic.net/20211116_261/1636995734411DpBiF_JPEG/0Hellbound_desktop_thumbnail.jpg?type=a210,https://myanimelist.net/images/manga/2/252637l.jpg,6.84,12460.0,8607,True,True
Duty After School,https://webtoon-phinf.pstatic.net/20141226_206/1419561487860pk5dR_JPEG/EC8DB8EB84A4EC9DBC_ipad.jpg?type=a210,https://myanimelist.net/images/manga/3/109677l.jpg,7.82,1477.0,2216,True,True
Roach,https://webtoon-phinf.pstatic.net/20220326_138/1648256025126i9NP4_JPEG/0Roach_thumbnail_desktop.jpg?type=a210,https://myanimelist.net/images/manga/2/264287l.jpg,6.67,15315.0,33796,True,True
Tales of the Unusual,https://webtoon-phinf.pstatic.net/20220129_108/1643395944639tB1Cu_JPEG/1talesoftheunusal_desktop_thumbnail.jpg?type=a210,https://myanimelist.net/images/manga/1/229435l.jpg,7.59,2670.0,6623,True,True
Chasing Tails,https://webtoon-phinf.pstatic.net/20211009_259/1633725209557LgO6n_JPEG/0Chasing+Tails_desktop_thumbnail.jpg?type=a210,https://myanimelist.net/images/manga/3/261227l.jpg,7.68,2125.0,12660,True,True
The Predator,https://webtoon-phinf.pstatic.net/20211014_210/1634162319538PgRc3_JPEG/1ThePredator_desktop_thumbnail.jpg?type=a210,https://myanimelist.net/images/manga/2/264233l.jpg,6.34,19826.0,19482,True,True
Escape Room,https://webtoon-phinf.pstatic.net/20210211_49/16129837790697NhWU_JPEG/4Escape+Room_desktop_thumbnail.jpg?type=a210,https://myanimelist.net/images/manga/3/261144l.jpg,7.24,6173.0,11414,True,True
Distant Sky,https://webtoon-phinf.pstatic.net/20210329_74/161699495043136grc_JPEG/5Distant-Sky_ipad.jpg?type=a210,https://myanimelist.net/images/manga/1/143687l.jpg,7.72,1886.0,2469,True,True
Fake Humans,https://webtoon-phinf.pstatic.net/20211011_29/1633957515514hLwFY_JPEG/6FakeHumans_desktop_thumbnail.jpg?type=a210,https://myanimelist.net/images/manga/1/265293l.jpg,5.79,22098.0,31682,True,True
Horang's Nightmare,https://webtoon-phinf.pstatic.net/20200901_189/1598914656768QQzat_JPEG/E18492E185A9E18485E185A1E186BC_thumb_ipad.jpg?type=a210,https://myanimelist.net/images/manga/3/264236l.jpg,6.9,11402.0,18936,True,True
Night of Silence,https://webtoon-phinf.pstatic.net/20220113_188/164204276158813fDR_JPEG/6NightofSilence_desktop_thumbnail.jpg?type=a210,https://myanimelist.net/images/manga/2/264694l.jpg,6.52,17745.0,30201,True,True
ANT,https://webtoon-phinf.pstatic.net/20220406_150/1649202939203EnnFg_JPEG/1Ant_thumbnail_desktop.jpg?type=a210,https://myanimelist.net/images/manga/3/265371l.jpg,6.57,16938.0,35326,True,True
Unknown Caller,https://webtoon-phinf.pstatic.net/20161012_266/1476248319893JTlgz_JPEG/thumb_ipad.jpg?type=a210,https://myanimelist.net/images/manga/2/285921l.jpg,6.45,18609.0,32159,True,True
The Red Book,https://webtoon-phinf.pstatic.net/20150507_149/14309912792641FD1P_JPEG/EC8DB8EB84A4EC9DBC_ipad.jpg?type=a210,https://myanimelist.net/images/manga/2/264878l.jpg,6.07,21465.0,25900,True,True
Hell is Other People,https://webtoon-phinf.pstatic.net/20220209_279/1644397906736GXz22_JPEG/4HellisOtherPeople_thumbnail_desktop.jpg?type=a210,https://myanimelist.net/images/manga/1/253566l.jpg,7.4,4287.0,10956,True,True
Sweet Home,https://webtoon-phinf.pstatic.net/20210329_265/1616996752668Ii9N6_JPEG/9Sweet-Home_ipad.jpg?type=a210,https://myanimelist.net/images/manga/3/227600l.jpg,8.26,424.0,188,True,True
All of Us Are Dead,https://webtoon-phinf.pstatic.net/20210804_115/1628035233378UqP6G_JPEG/9AllofUsAreDead_desktop_thumbnail.jpg?type=a210,https://myanimelist.net/images/manga/3/255742l.jpg,6.98,10100.0,12712,True,True
PIGPEN,https://webtoon-phinf.pstatic.net/20201020_250/160315857136695iK8_JPEG/310_EC8DB8EB84A4EC9DBC_ipad.jpg?type=a210,https://myanimelist.net/images/manga/2/260276l.jpg,7.95,1005.0,1597,True,True
The Vault of Horror: A Collection of Nightmares,https://webtoon-phinf.pstatic.net/20210329_52/1616995572287dFq6F_JPEG/0The-Vault-of-Horror--A-Collection-of-Nightmares_ipad.jpg?type=a210,https://myanimelist.net/images/manga/3/282940l.jpg,6.39,19329.0,35506,True,True
Shriek,https://webtoon-phinf.pstatic.net/20160920_105/1474357227248NeN9C_JPEG/EC8DB8EB84A4EC9DBC_ipad.jpg?type=a210,https://myanimelist.net/images/manga/3/282806l.jpg,,46353.0,39398,True,True
Chiller,https://webtoon-phinf.pstatic.net/20150910_74/14418733461392XSwh_JPEG/_EB93BBEB80AF_EBA38CEABCA5_E29587EABCB1_EB9384EB84B0_ipa.jpg?type=a210,https://myanimelist.net/images/manga/1/282119l.jpg,6.85,12181.0,29981,True,True
Rotten,https://webtoon-phinf.pstatic.net/20200818_282/1597690320797CcvV6_JPEG/10_EC8DB8EB84A4EC9DBC_ipad.jpg?type=a210,https://myanimelist.net/images/manga/3/263279l.jpg,7.16,7331.0,14401,True,True
Delusion,https://webtoon-phinf.pstatic.net/20210324_106/1616547647615RuWQM_JPEG/4Delusion_desktop_thumbnail.jpg?type=a210,https://myanimelist.net/images/manga/1/261523l.jpg,7.74,1800.0,10989,True,True
Ghost Teller,https://webtoon-phinf.pstatic.net/20180209_117/1518136726824CCRt8_JPEG/10_EC8DB8EB84A4EC9DBC_ipad.jpg?type=a210,https://myanimelist.net/images/manga/3/237076l.jpg,7.92,1105.0,3975,True,True
Forest of Humans,https://webtoon-phinf.pstatic.net/20210612_185/16234477447808rNej_PNG/2ForestOfHumans_desktop_thumbnail.png?type=a210,https://myanimelist.net/images/manga/3/262886l.jpg,6.74,14208.0,25260,True,True
DEAD DAYS,https://webtoon-phinf.pstatic.net/20210329_20/1617017041479kCIkX_JPEG/1DEAD-DAYS_ipad.jpg?type=a210,https://myanimelist.net/images/manga/2/264037l.jpg,6.79,13271.0,15897,True,True
The Cliff,https://webtoon-phinf.pstatic.net/20140710_32/1404980035945wL42Q_JPEG/40_ECA088EBB2BDEAB780.jpg?type=a210,https://myanimelist.net/images/manga/1/279591l.jpg,6.57,16936.0,23531,True,True
Grasp,https://webtoon-phinf.pstatic.net/20210715_96/1626299931289WvPRO_JPEG/4GraspLaunch_desktop_thumbnail.jpg?type=a210,https://myanimelist.net/images/manga/2/264136l.jpg,6.9,11401.0,31475,True,True
Epilogue,https://webtoon-phinf.pstatic.net/20210413_149/1618279478475DKhxu_JPEG/3Epilogue_desktop_thumbnail.jpg?type=a210,https://myanimelist.net/images/manga/2/263339l.jpg,6.9,11398.0,28781,True,True
HIVE,https://webtoon-phinf.pstatic.net/20151006_20/14441249470246d4dw_JPEG/_EB93BBEB80AF_EBA38CEABCA5_E29587EABCB1_EB9384EB84B0_ipa.jpg?type=a210,https://myanimelist.net/images/manga/1/262753l.jpg,7.17,7099.0,9837,True,True
DEEP,https://webtoon-phinf.pstatic.net/20141212_120/1418373128426vCGl8_JPEG/EC8DB8EB84A4EC9DBC_ipad.jpg?type=a210,https://myanimelist.net/images/manga/2/174108l.jpg,6.48,18286.0,16772,True,True
#Killstagram,https://webtoon-phinf.pstatic.net/20200404_35/1585955807930OsGHt_JPEG/10_EC8DB8EB84A4EC9DBC_ipad.jpg?type=a210,https://myanimelist.net/images/manga/1/262572l.jpg,6.57,16933.0,8261,True,True
Positively Yours,https://d30womf5coomej.cloudfront.net/sa/1e/ed32af71-7e94-46a7-b689-ffba770a5eed_z.jpg,https://myanimelist.net/images/manga/1/264676l.jpg,7.99,898.0,1750,True,True
A Business Proposal,https://d30womf5coomej.cloudfront.net/sa/63/5c482d20-3382-425d-bce7-7221e31e9fc4_z.jpg,https://myanimelist.net/images/manga/1/242318l.jpg,7.92,1105.0,1746,True,True
They Say I Was Born a King's Daughter,https://d30womf5coomej.cloudfront.net/sa/cc/59ffe0f5-2865-43df-8284-713e96c5abbb_z.jpg,https://myanimelist.net/images/manga/1/261914l.jpg,5.81,22073.0,11597,True,True
Solo Leveling,https://d30womf5coomej.cloudfront.net/sa/26/3011639e-c9af-4eb7-936c-a4b0868ea868_z.jpg,https://myanimelist.net/images/manga/3/222295l.jpg,8.58,122.0,5,True,True
50 Tea Recipes from the Duchess,https://d30womf5coomej.cloudfront.net/sa/f0/5ad96574-7d08-4e58-9348-f97fa2932488_z.jpg,https://myanimelist.net/images/manga/1/261888l.jpg,7.27,5690.0,3340,True,True
This Villainess Wants a Divorce!,https://d30womf5coomej.cloudfront.net/sa/25/2472e4e1-1347-4e3e-a867-4e4ad0ccdd80_z.jpg,https://myanimelist.net/images/manga/3/253645l.jpg,7.38,4495.0,2017,True,True
Adonis,https://d30womf5coomej.cloudfront.net/sa/59/e79ffbe3-5889-4e82-902c-e3c91aca3ec0_z.jpg,https://myanimelist.net/images/manga/2/276444l.jpg,6.88,11743.0,7939,True,True
The Monstrous Duke's Adopted Daughter,https://d30womf5coomej.cloudfront.net/sa/4d/5268de73-f36f-47a7-a90f-fd141f9da254_z.jpg,https://myanimelist.net/images/manga/1/249936l.jpg,7.58,2812.0,2178,True,True
Beware the Villainess!,https://d30womf5coomej.cloudfront.net/sa/e8/6b3c62d4-7478-492b-83f4-8c59b60677fc_z.jpg,https://myanimelist.net/images/manga/2/260779l.jpg,7.74,1795.0,975,True,True
"What's Wrong with You, Duke?",https://d30womf5coomej.cloudfront.net/sa/85/d9db5e0f-2f0b-4fc5-aa57-2aa0158632fd_z.jpg,https://myanimelist.net/images/manga/2/253711l.jpg,7.27,5684.0,3862,True,True
Villains Are Destined to Die,https://d30womf5coomej.cloudfront.net/sa/ba/bd321b26-680a-4911-b675-94a41efce1bf_z.jpg,https://myanimelist.net/images/manga/5/303096l.jpg,8.47,199.0,409,True,True
My Secretly Hot Husband,https://d30womf5coomej.cloudfront.net/sa/b2/7b5d783f-5f59-4409-9f03-194f9a6a3665_z.jpg,https://myanimelist.net/images/manga/2/264633l.jpg,7.47,3565.0,2375,True,True
The Soulless Duchess,https://d30womf5coomej.cloudfront.net/sa/6b/47a19220-7a83-4f3e-a66b-74c82f9e4c00_z.jpg,https://myanimelist.net/images/manga/2/254959l.jpg,6.83,12525.0,5000,True,True
Flirting with The Villain's Dad,https://d30womf5coomej.cloudfront.net/sa/1b/470575b7-388c-4c5b-81b8-d49152b21b7a_z.jpg,https://myanimelist.net/images/manga/3/248837l.jpg,7.63,2412.0,1804,True,True
Daughter of the Archmage,https://d30womf5coomej.cloudfront.net/sa/ae/69343c99-d72a-486c-8ad2-05687269110f_z.jpg,https://myanimelist.net/images/manga/2/331291l.jpg,6.39,19347.0,26670,True,True
The Archmage Returns After 4000 Years,https://d30womf5coomej.cloudfront.net/sa/ed/8a7e44e7-41e4-4c0e-8dab-6c9afca8958f_z.jpg,https://myanimelist.net/images/manga/1/261964l.jpg,7.41,4127.0,790,True,True
Just Leave Me Be,https://d30womf5coomej.cloudfront.net/sa/29/d2b6da2b-60f0-4701-91b2-3a1a878d4a49_z.jpg,https://myanimelist.net/images/manga/2/276722l.jpg,6.94,10741.0,4565,True,True
The Max Level Hero Strikes Back,https://d30womf5coomej.cloudfront.net/sa/02/adeb0f8d-daf8-4788-8bc7-815def404b5c_z.jpg,https://myanimelist.net/images/manga/2/261253l.jpg,6.9,11392.0,1059,True,True
Tomb Raider King,https://d30womf5coomej.cloudfront.net/sa/62/7b09e240-fd2a-4e9c-ac85-d4b54ea39778_z.jpg,https://myanimelist.net/images/manga/1/239408l.jpg,7.36,4691.0,517,True,True
Solitary Lady,https://d30womf5coomej.cloudfront.net/sa/a8/1b2a11c8-b1d1-4784-a329-f49a12061623_z.jpg,https://myanimelist.net/images/manga/2/263719l.jpg,7.06,8850.0,3293,True,True
The Legendary Moonlight Sculptor,https://d30womf5coomej.cloudfront.net/sa/b3/c34e940e-6f46-4380-82c8-194393845bf6_z.jpg,https://myanimelist.net/images/manga/1/261859l.jpg,7.47,3564.0,2410,True,True
Villainess in Love,https://d30womf5coomej.cloudfront.net/sa/b3/85ee62d4-eb8f-4abd-92d5-5b77393fea8d_z.jpg,https://myanimelist.net/images/manga/2/270238l.jpg,7.63,2415.0,3096,True,True
A Wicked Tale of Cinderella's Stepmom,https://d30womf5coomej.cloudfront.net/sa/1b/c76e8194-1325-438a-991c-c0c59d417603_z.jpg,https://myanimelist.net/images/manga/1/256700l.jpg,7.6,2647.0,4957,True,True
When the Villainess is in Love,https://d30womf5coomej.cloudfront.net/sa/0b/84b1c32e-2ced-4173-9546-1c43294e6739_z.jpg,https://myanimelist.net/images/manga/2/263114l.jpg,6.76,13879.0,3597,True,True
I Shall Master this Family,https://d30womf5coomej.cloudfront.net/sa/4f/76c950e8-7b8a-4ed3-ad29-631086fc390b_z.jpg,https://myanimelist.net/images/manga/3/274102l.jpg,8.32,348.0,956,True,True
Daughter of the Emperor,https://d30womf5coomej.cloudfront.net/sa/86/d147ab31-b114-46c1-be3d-1785ee6ecc97_z.jpg,https://myanimelist.net/images/manga/2/222277l.jpg,6.84,12426.0,3075,True,True
Descent of the Demon Master,https://d30womf5coomej.cloudfront.net/sa/46/b8522ce9-83f2-4cc9-a404-b60dff42086f_z.jpg,https://myanimelist.net/images/manga/1/262743l.jpg,6.58,16880.0,3252,True,True
Latna Saga: Survival of a Sword King,https://d30womf5coomej.cloudfront.net/sa/dd/c3948fec-4e10-443c-b8e4-9c18ce7faccf_z.jpg,https://myanimelist.net/images/manga/2/260817l.jpg,7.83,1423.0,782,True,True
I Fell into a Reverse Harem Game! ,https://d30womf5coomej.cloudfront.net/sa/8e/65126df4-783c-4a07-9d6b-3d4ceae1b52b_z.jpg,https://myanimelist.net/images/manga/3/262116l.jpg,7.07,8580.0,5073,True,True
Little Rabbit and the Big Bad Leopard,https://d30womf5coomej.cloudfront.net/sa/ef/91c097ad-6b99-43b3-8798-3d8e4f48097f_z.jpg,https://myanimelist.net/images/manga/2/274100l.jpg,7.74,1796.0,3245,True,True
Not-Sew-Wicked Stepmom,https://d30womf5coomej.cloudfront.net/sa/97/d9314635-e403-4f0e-b3a3-68c0d1f8f682_z.jpg,https://myanimelist.net/images/manga/3/264637l.jpg,7.49,3399.0,2998,True,True
I Am the Real One,https://d30womf5coomej.cloudfront.net/sa/c0/eeb38441-7a83-411e-8179-7ddeb44a5389_z.jpg,https://myanimelist.net/images/manga/1/261138l.jpg,7.37,4539.0,2232,True,True
My Three Tyrant Brothers,https://d30womf5coomej.cloudfront.net/sa/c7/aaa6f287-6021-40cc-b1c6-6ce695bd1207_z.jpg,https://myanimelist.net/images/manga/1/264124l.jpg,6.66,15578.0,7469,True,True
Wistful Summer,https://d30womf5coomej.cloudfront.net/sa/fd/449fbe54-dc9e-4acb-9a2f-f06b27ee22f2_z.jpg,https://myanimelist.net/images/manga/1/264998l.jpg,,46290.0,35180,True,True
My Fair Footman,https://d30womf5coomej.cloudfront.net/sa/3f/1bf2251f-65a8-4a4f-9046-6e21d0c6ce00_z.jpg,https://myanimelist.net/images/manga/2/263008l.jpg,6.92,11081.0,11148,True,True
Second Life Ranker,https://d30womf5coomej.cloudfront.net/sa/91/29bf97c4-e588-4acf-88e2-59d0fbb8ad93_z.jpg,https://myanimelist.net/images/manga/2/261257l.jpg,7.56,2950.0,670,True,True
I Was Tricked into this Fake Marriage!,https://d30womf5coomej.cloudfront.net/sa/0f/b012b220-ee2a-4991-9d04-453977d7b6e4_z.jpg,https://myanimelist.net/images/manga/2/262238l.jpg,7.34,4919.0,3998,True,True
The Villainess is a Marionette,https://d30womf5coomej.cloudfront.net/sa/79/85c453f8-fd7e-4eaa-acbd-29370520a7cb_z.jpg,https://myanimelist.net/images/manga/1/317205l.jpg,7.32,5141.0,1892,True,True
The Viridescent Tiara,https://d30womf5coomej.cloudfront.net/sa/4c/67238937-ac94-4326-8c0e-b115a605b2c3_z.jpg,https://myanimelist.net/images/manga/3/297529l.jpg,7.13,7675.0,5376,True,True
The Villainess is Retiring,https://d30womf5coomej.cloudfront.net/sa/ca/b2a81628-3373-46d9-9876-b3837e1ff739_z.jpg,https://myanimelist.net/images/manga/3/262126l.jpg,7.28,5643.0,5485,True,True
The Tyrant's Sister,https://d30womf5coomej.cloudfront.net/sa/7f/4bcf4447-b139-4b03-98dd-871a5d786ab0_z.jpg,https://myanimelist.net/images/manga/1/262133l.jpg,6.64,15901.0,8782,True,True
I Belong to House Castielo,https://d30womf5coomej.cloudfront.net/sa/fd/9af4c458-373d-45ba-b523-ae87bbd45323_z.jpg,https://myanimelist.net/images/manga/3/298165l.jpg,6.43,18849.0,5301,True,True
Lady Evony,https://d30womf5coomej.cloudfront.net/sa/9c/85cecc54-ca7d-4053-9003-b01c6a465020_z.jpg,https://myanimelist.net/images/manga/2/262249l.jpg,6.94,10744.0,8686,True,True
The Duke's Servant,https://d30womf5coomej.cloudfront.net/sa/16/26562038-3dc9-4272-b92f-bb9d5882c6dd_z.jpg,https://myanimelist.net/images/manga/3/331670l.jpg,,55190.0,63112,True,True
Kill the Villainess,https://d30womf5coomej.cloudfront.net/sa/dc/51b6bbde-3655-4b0f-8d76-9ac951d1909b_z.jpg,https://myanimelist.net/images/manga/4/291250l.jpg,7.94,1048.0,1438,True,True
The Villainess Flips the Script!,https://d30womf5coomej.cloudfront.net/sa/11/ca37dc1d-bd5e-47d3-aa7b-43d6d9c33b84_z.jpg,https://myanimelist.net/images/manga/3/288109l.jpg,7.87,1251.0,2291,True,True
The Male Lead's Little Lion Daughter,https://d30womf5coomej.cloudfront.net/sa/96/86496174-c0ee-425a-9980-74688bb9d8e3_z.jpg,https://myanimelist.net/images/manga/3/263090l.jpg,8.02,842.0,1704,True,True
The Lady Needs a Break,https://d30womf5coomej.cloudfront.net/sa/0d/7ca0e01a-aeaf-4f69-9a89-58c282dc0404_z.jpg,https://myanimelist.net/images/manga/3/262568l.jpg,6.95,10469.0,5690,True,True
I Married the Male Lead's Dad,https://d30womf5coomej.cloudfront.net/sa/54/4a0a0bbd-7b26-4cb4-86e3-9399c94bd026_z.jpg,https://myanimelist.net/images/manga/2/317207l.jpg,7.51,3259.0,3478,True,True
I Wasn't the Cinderella,https://d30womf5coomej.cloudfront.net/sa/bf/27ff25e4-2625-444e-bd28-b3c2e30caf08_z.jpg,https://myanimelist.net/images/manga/1/274098l.jpg,6.81,12877.0,7521,True,True
A Tender Heart: The Story of How I Became a Duke&rsquo;s Maid,https://d30womf5coomej.cloudfront.net/sa/9c/82dc9b6c-0059-4d55-96e1-9f449c48b013_z.jpg,https://myanimelist.net/images/manga/2/237317l.jpg,6.66,15562.0,3094,True,True
The Taming of the Tyrant,https://d30womf5coomej.cloudfront.net/sa/7b/7e215890-1fef-4572-9519-ec3331b31bde_z.jpg,https://myanimelist.net/images/manga/1/284083l.jpg,7.02,9483.0,3537,True,True
Lady Chef Royale,https://d30womf5coomej.cloudfront.net/sa/03/428a3ae2-1e02-4e41-a5d9-97dce274b249_z.jpg,https://myanimelist.net/images/manga/1/262683l.jpg,6.75,13963.0,5982,True,True
Master Villainess the Invincible!,https://d30womf5coomej.cloudfront.net/sa/4d/b6fab715-4f0d-418b-97ed-7655b4c612be_z.jpg,https://myanimelist.net/images/manga/2/262394l.jpg,7.39,4340.0,4715,True,True
Jack: The American Ghost,https://d30womf5coomej.cloudfront.net/sa/0f/1adf2c3b-4cfe-4bb0-a754-fc6f907cf62d_z.jpg,https://myanimelist.net/images/manga/1/331272l.jpg,,55093.0,52983,True,True
Roxana,https://d30womf5coomej.cloudfront.net/sa/64/c8bf5290-50ab-47d0-befd-4f11422a158d_z.jpg,https://myanimelist.net/images/manga/2/261513l.jpg,8.11,658.0,1363,True,True
"Into the Light, Once Again",https://d30womf5coomej.cloudfront.net/sa/a1/ee988045-31ed-473f-8a96-fe4aa1b7efe6_z.jpg,https://myanimelist.net/images/manga/1/291680l.jpg,7.53,3125.0,2035,True,True
Path to You,https://d30womf5coomej.cloudfront.net/sa/c5/f5b4a54d-a51d-431c-b863-591f89ba66cc_z.jpg,https://myanimelist.net/images/manga/1/332825l.jpg,,55328.0,61327,True,True
Charlotte and Her 5 Disciples,https://d30womf5coomej.cloudfront.net/sa/96/fb31a741-a571-46dc-b066-13b8862ec7d7_z.jpg,https://myanimelist.net/images/manga/1/248755l.jpg,7.17,7084.0,3916,True,True
Princess in the Rough,https://d30womf5coomej.cloudfront.net/sa/9c/d0b60f21-4177-4ff5-8c99-ab9c0399af73_z.jpg,https://myanimelist.net/images/manga/3/262065l.jpg,6.41,19092.0,6653,True,True
Lost and Found,https://d30womf5coomej.cloudfront.net/sa/a5/bc0ea4c7-a189-46bd-b79b-8b2a577f349a_z.png,https://myanimelist.net/images/manga/1/339913l.jpg,,,39176,True,True
Kill the Hero,https://d30womf5coomej.cloudfront.net/sa/4b/9d449342-2c18-46dc-8f10-77630ff268c4_z.jpg,https://myanimelist.net/images/manga/3/260795l.jpg,7.2,6687.0,1437,True,True
Revolutionary Princess Eve,https://d30womf5coomej.cloudfront.net/sa/04/054ad21c-3ae3-472f-ad88-e006d4bd4349_z.jpg,https://myanimelist.net/images/manga/1/262460l.jpg,7.6,2653.0,4106,True,True
"I Dream of Health, Wealth, and a Long Life",https://d30womf5coomej.cloudfront.net/sa/61/8ac29ced-1352-48dd-857c-b5982ecde6d0_z.jpg,https://myanimelist.net/images/manga/1/262364l.jpg,6.7,14893.0,11327,True,True
SSS-Class Revival Hunter ,https://d30womf5coomej.cloudfront.net/sa/0b/51bc6052-19c3-4dc5-8ce0-6fdc158e5904_z.jpg,https://myanimelist.net/images/manga/1/263446l.jpg,8.31,351.0,302,True,True
The Falcon Princess,https://d30womf5coomej.cloudfront.net/sa/d9/7049bc94-357f-49ef-84b5-568503d9b3a3_z.jpg,https://myanimelist.net/images/manga/1/264776l.jpg,7.1,8228.0,8061,True,True
The Lady and Her Butler,https://d30womf5coomej.cloudfront.net/sa/97/f908254e-e2a7-4a27-82dc-e42cd5c01a15_z.jpg,https://myanimelist.net/images/manga/2/242877l.jpg,7.52,3218.0,5398,True,True
For Better or For Worse,https://d30womf5coomej.cloudfront.net/sa/a7/3057e5f9-9ea1-4322-9a86-7b94d6ba8328_z.jpg,https://myanimelist.net/images/manga/2/262082l.jpg,7.81,1504.0,4165,True,True
Saving My Sweetheart,https://d30womf5coomej.cloudfront.net/sa/fa/ec2e1ba7-ef8b-4c3d-8e50-267405c9428f_z.jpg,https://myanimelist.net/images/manga/1/264638l.jpg,7.71,1928.0,3614,True,True
A Talented Maid,https://d30womf5coomej.cloudfront.net/sa/ad/c78f3c1a-cc7f-47be-8350-1f2ef33b2086_z.jpg,https://myanimelist.net/images/manga/3/261796l.jpg,7.17,7092.0,5306,True,True
Author of My Own Destiny,https://d30womf5coomej.cloudfront.net/sa/c2/45ee7d43-df35-40fb-acf8-f20b09c0e4da_z.jpg,https://myanimelist.net/images/manga/2/288111l.jpg,7.56,2950.0,2118,True,True
The Antagonist's Pet,https://d30womf5coomej.cloudfront.net/sa/8d/b8518ccc-5221-4378-ac3e-2f8af5ed8363_z.jpg,https://myanimelist.net/images/manga/3/263012l.jpg,7.11,7988.0,7935,True,True
Villainesses Have More Fun,https://d30womf5coomej.cloudfront.net/sa/2d/481520dd-5801-4a9b-9c24-d3cd002a0665_z.jpg,https://myanimelist.net/images/manga/2/264470l.jpg,6.65,15660.0,5245,True,True
Baroness Goes on Strike,https://d30womf5coomej.cloudfront.net/sa/2d/831fcc95-99ab-417a-afa4-dd6ace48b6af_z.jpg,https://myanimelist.net/images/manga/3/262836l.jpg,7.28,5644.0,4805,True,True
Karina's Last Days,https://d30womf5coomej.cloudfront.net/sa/e6/3ffb51f3-d8b6-4409-9188-8cdff0af5a46_z.jpg,https://myanimelist.net/images/manga/1/263362l.jpg,7.41,4128.0,4393,True,True
Ring My Bell,https://d30womf5coomej.cloudfront.net/sa/36/f502d5cb-1e03-4c8d-91b4-905865836acd_z.jpg,https://myanimelist.net/images/manga/1/331872l.jpg,7.62,2525.0,24579,True,True
Relationship Guidelines,https://d30womf5coomej.cloudfront.net/sa/24/0765b185-9ed9-4357-bc17-af4c8e8f87a6_z.jpg,https://myanimelist.net/images/manga/2/265401l.jpg,7.31,5197.0,8948,True,True
I'm the Tyrant's Secretary,https://d30womf5coomej.cloudfront.net/sa/10/cdc7e28f-bdf5-4591-aab3-3e29c1efb8cf_z.jpg,https://myanimelist.net/images/manga/2/264595l.jpg,7.18,7029.0,5957,True,True
Am I Your Daughter?,https://d30womf5coomej.cloudfront.net/sa/6e/fe873215-9840-4941-904f-71e8a8f53270_z.jpg,https://myanimelist.net/images/manga/3/262272l.jpg,6.44,18806.0,7200,True,True
Overgeared,https://d30womf5coomej.cloudfront.net/sa/b8/6d5c565f-d975-4f3c-9726-07bf34f2a0a7_z.jpg,https://myanimelist.net/images/manga/3/303099l.jpg,7.72,1911.0,798,True,True
The Lady with a Mask,https://d30womf5coomej.cloudfront.net/sa/72/21ad853c-abe0-4ad0-b3d5-719eb18e1dc1_z.jpg,https://myanimelist.net/images/manga/1/264684l.jpg,7.15,7375.0,12044,True,True
Precious Daughter of the Greatest Martial Arts Villain,https://d30womf5coomej.cloudfront.net/sa/bd/6f799ebb-f15f-40cb-9110-ebf724eb20c0_z.jpg,https://myanimelist.net/images/manga/1/264149l.jpg,6.7,14895.0,7175,True,True
RAINBOW!,https://d30womf5coomej.cloudfront.net/sa/d4/0abdfc3e-6cc0-4a13-828c-5fd0bb169f55_z.jpg,https://myanimelist.net/images/manga/2/136073l.jpg,,31688.0,33923,True,True
The Sweetest Man,https://d30womf5coomej.cloudfront.net/sa/2c/2b21cfbd-c005-4ed5-8f77-57f8ddb71af5_z.jpg,https://myanimelist.net/images/manga/3/260389l.jpg,7.06,8839.0,17840,True,True
Mystic Musketeer,https://d30womf5coomej.cloudfront.net/sa/7e/923721d0-86a3-4679-a929-4efe5945c10f_z.jpg,https://myanimelist.net/images/manga/3/262802l.jpg,6.99,9859.0,2808,True,True
Villain Duke's Precious One,https://d30womf5coomej.cloudfront.net/sa/d9/01c8d3ba-ca70-46d2-b305-fa46be9341a0_z.jpg,https://myanimelist.net/images/manga/2/258007l.jpg,6.68,15224.0,5055,True,True
The Villainess Needs Her Tyrant,https://d30womf5coomej.cloudfront.net/sa/f3/360c9aab-8d26-4299-9980-06e37950d431_z.jpg,https://myanimelist.net/images/manga/1/262564l.jpg,6.67,15312.0,5091,True,True
Navillera: Like a Butterfly,https://d30womf5coomej.cloudfront.net/sa/84/5ff53930-0b53-41b5-ab49-71ba6d97d390_z.jpg,https://myanimelist.net/images/manga/1/206101l.jpg,8.11,652.0,4309,True,True
Substitute Boyfriend,https://d30womf5coomej.cloudfront.net/sa/31/cd64882e-322b-482c-b2c8-658424e95fdc_z.jpg,https://myanimelist.net/images/manga/1/267516l.jpg,6.6,16570.0,33130,True,True
The Unquenchable Mr. Kim,https://d30womf5coomej.cloudfront.net/sa/a1/4b9d418f-488b-4097-b24b-efdcc9013bbc_z.jpg,https://myanimelist.net/images/manga/1/331663l.jpg,7.08,,26590,True,True
"Father, Unrivaled",https://d30womf5coomej.cloudfront.net/sa/7e/a70df38c-7cab-4cf1-9b2c-f62bc5b30dd7_z.jpg,https://myanimelist.net/images/manga/1/331101l.jpg,7.8,1572.0,12179,True,True
Rain Again,https://d30womf5coomej.cloudfront.net/sa/14/af19df4e-1074-4dc9-b0c5-673e54bb129d_z.jpg,https://myanimelist.net/images/manga/1/289583l.jpg,7.09,,34643,True,True
A Common Story of a Lady's New Life,https://d30womf5coomej.cloudfront.net/sa/17/7171e95d-3f3a-4b6b-87d8-d891dad4a32e_z.jpg,https://myanimelist.net/images/manga/3/331099l.jpg,,55074.0,32517,True,True
The Little Lady Behind the Scenes,https://d30womf5coomej.cloudfront.net/sa/a0/0b2476fe-b3da-4633-8b2c-8013fc3261f4_z.jpg,https://myanimelist.net/images/manga/2/261906l.jpg,7.31,5193.0,5312,True,True
The Villainess's Daughter,https://d30womf5coomej.cloudfront.net/sa/6d/67a70b13-455e-40e4-b4e4-66396040df08_z.jpg,https://myanimelist.net/images/manga/1/264836l.jpg,6.3,20181.0,7978,True,True
Taming Master,https://d30womf5coomej.cloudfront.net/sa/a7/4df61537-5622-42c4-a275-50548458d433_z.jpg,https://myanimelist.net/images/manga/3/262565l.jpg,6.73,14283.0,3383,True,True
Reborn as a Scholar,https://d30womf5coomej.cloudfront.net/sa/ce/86c7a9d9-fc06-4162-8636-a9f26b795661_z.jpg,https://myanimelist.net/images/manga/3/262538l.jpg,7.01,9535.0,4941,True,True
Devil Sword King,https://d30womf5coomej.cloudfront.net/sa/85/6f19e75b-33d5-45b1-b9a2-7fe8761052fb_z.jpg,https://myanimelist.net/images/manga/1/272982l.jpg,7.06,8856.0,21956,True,True
I Woke Up as the Villain,https://d30womf5coomej.cloudfront.net/sa/78/76fe1cbd-27e3-4a82-acd9-3f254a39622f_z.jpg,https://myanimelist.net/images/manga/3/262941l.jpg,6.89,11474.0,5001,True,True
I Didn't Mean to Seduce the Male Lead!,https://d30womf5coomej.cloudfront.net/sa/91/761bcd4a-908d-4d7a-afae-c64c7bb9ed8a_z.jpg,https://myanimelist.net/images/manga/3/313318l.jpg,6.59,16650.0,6755,True,True
The Return of the 8th Class Mage,https://d30womf5coomej.cloudfront.net/sa/0d/83d64132-9492-4d3f-bd29-123a62257d6e_z.jpg,https://myanimelist.net/images/manga/3/292582l.jpg,7.42,4092.0,983,True,True
The Knight and Her Emperor,https://d30womf5coomej.cloudfront.net/sa/27/0b3d654a-d863-4bb7-8f33-57c129b9f062_z.jpg,https://myanimelist.net/images/manga/2/236687l.jpg,7.36,4692.0,4713,True,True
Woman's Best Friend,https://d30womf5coomej.cloudfront.net/sa/07/49b273d6-f042-446f-b7c6-4c28901e97e6_z.jpg,https://myanimelist.net/images/manga/3/267367l.jpg,,46448.0,46532,True,True
Becoming the Dark Hero's Daughter,https://d30womf5coomej.cloudfront.net/sa/21/4bb88271-f2a8-4801-9640-0b4fbd223b3a_z.jpg,https://myanimelist.net/images/manga/2/264680l.jpg,7.51,3261.0,5230,True,True
Gourmet Gaming,https://d30womf5coomej.cloudfront.net/sa/f2/f11b347e-adf2-45be-9143-3bc5ee60b51f_z.jpg,https://myanimelist.net/images/manga/1/272321l.jpg,6.86,12100.0,4925,True,True
The Devil's Tango,https://d30womf5coomej.cloudfront.net/sa/57/d01b4bb4-c291-4c01-ac59-81800183a9e3_z.jpg,https://myanimelist.net/images/manga/3/333891l.jpg,,55506.0,74741,True,True
What It Means to Be You,https://d30womf5coomej.cloudfront.net/sa/ea/05e82b05-d2ce-4673-8f26-d6a2daf4bbfc_z.jpg,https://myanimelist.net/images/manga/1/274103l.jpg,7.09,8285.0,5666,True,True
The Millionaire Divorcee,https://d30womf5coomej.cloudfront.net/sa/3e/9241fca9-065a-4eb7-8b50-80bcd54114ab_z.jpg,https://myanimelist.net/images/manga/2/265370l.jpg,6.51,17821.0,15168,True,True
As You Wish,https://d30womf5coomej.cloudfront.net/sa/ca/92c05b59-84d4-4aa7-8d6c-08efec87abbf_z.jpg,https://myanimelist.net/images/manga/2/271466l.jpg,,47095.0,40911,True,True
The Villainess's Days are Numbered!,https://d30womf5coomej.cloudfront.net/sa/e8/cb94c081-0bdc-40ce-82c1-eced671c2d4a_z.jpg,https://myanimelist.net/images/manga/2/262529l.jpg,7.0,9801.0,6632,True,True
Leveling Up Alone,https://d30womf5coomej.cloudfront.net/sa/d2/98651502-27cb-4fec-8620-68f4aa13e0f5_z.jpg,https://myanimelist.net/images/manga/1/262826l.jpg,6.12,21287.0,7662,True,True
How Did I Become the Princess?,https://d30womf5coomej.cloudfront.net/sa/6f/b498102b-f178-4a80-8e58-e0c11cdc23db_z.jpg,https://myanimelist.net/images/manga/1/269728l.jpg,6.71,14633.0,15850,True,True
Heavenly Demon Reborn!,https://d30womf5coomej.cloudfront.net/sa/10/62d0c2c0-26bc-42dc-9cd0-ada10938aa1d_z.jpg,https://myanimelist.net/images/manga/1/262817l.jpg,7.6,2652.0,2039,True,True
The Tyrant's Secret Secretary,https://d30womf5coomej.cloudfront.net/sa/f3/1d5b58cd-0d8c-40b6-95d8-7381b13be625_z.jpg,https://myanimelist.net/images/manga/2/265217l.jpg,6.43,18853.0,15261,True,True
I'm Deleting Them From My Life,https://d30womf5coomej.cloudfront.net/sa/9e/bd1d0823-d83e-446c-bb1c-8547e476b921_z.jpg,https://myanimelist.net/images/manga/1/267163l.jpg,6.41,19095.0,15205,True,True
Crazy Like a Fox,https://d30womf5coomej.cloudfront.net/sa/e2/2da0c8dc-cf49-414c-8b56-f9522e51fa55_z.jpg,https://myanimelist.net/images/manga/3/264631l.jpg,6.52,17752.0,9117,True,True
Can We Become Family?,https://d30womf5coomej.cloudfront.net/sa/cb/901ba944-2a7e-45f0-a15d-16ef4ee59dc6_z.jpg,https://myanimelist.net/images/manga/2/264643l.jpg,7.24,6173.0,6447,True,True
I Was the Male Lead's Ex,https://d30womf5coomej.cloudfront.net/sa/d6/60bdee4c-5746-4540-a4e2-c6a674395834_z.jpg,https://myanimelist.net/images/manga/3/263001l.jpg,6.28,20331.0,12576,True,True
Harley Takes the House,https://d30womf5coomej.cloudfront.net/sa/02/9f3dd024-69f3-4c4d-aef1-fe1b2173d1ff_z.jpg,https://myanimelist.net/images/manga/3/249117l.jpg,6.09,21389.0,8518,True,True
The Wicked Little Princess,https://d30womf5coomej.cloudfront.net/sa/1e/0bad54c6-9281-4233-8556-f12fdd0265c9_z.jpg,https://myanimelist.net/images/manga/3/264834l.jpg,6.96,10410.0,7116,True,True
Home Sweet Home,https://d30womf5coomej.cloudfront.net/sa/17/dc88eb87-21a3-4e8b-b2aa-a3ef90470dc4_z.jpg,https://myanimelist.net/images/manga/3/12219l.jpg,,23440.0,39393,True,True
I'm All Out of Health!,https://d30womf5coomej.cloudfront.net/sa/55/6efc470e-0ac0-4115-a544-3448f6bbf186_z.jpg,https://myanimelist.net/images/manga/3/264038l.jpg,7.3,5411.0,6953,True,True
My BFF is a Tyrant in Training,https://d30womf5coomej.cloudfront.net/sa/2c/7313b3a5-877f-4ba7-b7f0-37ccc6c0694c_z.jpg,https://myanimelist.net/images/manga/2/264629l.jpg,6.33,19863.0,12369,True,True
Preventing the Making of a Tyrant,https://d30womf5coomej.cloudfront.net/sa/dc/02232a49-bd72-4c19-b0c2-ee2a2826c209_z.jpg,https://myanimelist.net/images/manga/2/269729l.jpg,6.61,16291.0,19234,True,True
100 Days in Europe,https://d30womf5coomej.cloudfront.net/sa/d9/28e69d3c-97db-44ce-8900-ab34e13314df_z.jpg,https://myanimelist.net/images/manga/1/222734l.jpg,7.34,4900.0,27354,True,True
The Great Wish,https://d30womf5coomej.cloudfront.net/sa/34/3d4033da-fb6b-441a-a514-306017f6ff1b_z.jpg,https://myanimelist.net/images/manga/3/265564l.jpg,7.22,6445.0,9395,True,True
Please Don't Eat Me!,https://d30womf5coomej.cloudfront.net/sa/91/e80eeaac-bcd8-4ec9-a67a-9b31b912a7ce_z.jpg,https://myanimelist.net/images/manga/1/262608l.jpg,6.15,21122.0,12779,True,True
The Red Knight Seeks No Reward,https://d30womf5coomej.cloudfront.net/sa/2c/cb30c927-7df5-49fc-8d49-8884b5a0f386_z.jpg,https://myanimelist.net/images/manga/3/264720l.jpg,7.25,5946.0,6236,True,True
Angel or Villainess,https://d30womf5coomej.cloudfront.net/sa/b2/753215ac-9483-47b0-af96-9c75416e73e3_z.jpg,https://myanimelist.net/images/manga/1/262396l.jpg,6.59,16647.0,9928,True,True
Searching for My Father,https://d30womf5coomej.cloudfront.net/sa/42/d43f579b-3f01-48d9-b69b-738d86715270_z.jpg,https://myanimelist.net/images/manga/1/265019l.jpg,6.28,20337.0,12635,True,True
Side Characters Deserve Love Too,https://d30womf5coomej.cloudfront.net/sa/6b/3eee4a7f-9392-449d-93f1-353552cc0731_z.jpg,https://myanimelist.net/images/manga/3/264557l.jpg,7.52,3234.0,6586,True,True
Knock on Wood,https://d30womf5coomej.cloudfront.net/sa/6f/8b0f1e2a-9f3e-4ef9-8546-f02dfaf7a002_z.jpg,https://myanimelist.net/images/manga/1/334533l.jpg,,,67635,True,True
The Tyrant's Tranquilizer,https://d30womf5coomej.cloudfront.net/sa/2d/81731f7a-4820-4377-94a8-868419e536a8_z.jpg,https://myanimelist.net/images/manga/3/264920l.jpg,6.6,16567.0,10748,True,True
The Player Who Can't Level Up,https://d30womf5coomej.cloudfront.net/sa/28/ad076859-6b87-4e73-b7f6-27f538c75f6e_z.jpg,https://myanimelist.net/images/manga/3/262642l.jpg,7.13,7682.0,801,True,True
Child of the Sheath ,https://d30womf5coomej.cloudfront.net/sa/fb/7097374c-e816-4dbd-9db9-14f000139016_z.jpg,https://myanimelist.net/images/manga/1/263427l.jpg,7.68,2126.0,6990,True,True
Love So Pure,https://d30womf5coomej.cloudfront.net/sa/7d/81317af0-52d2-41d8-8c40-c029ae96f04e_z.jpg,https://myanimelist.net/images/manga/1/331598l.jpg,7.68,,23616,True,True
Duchess in the Glass House,https://d30womf5coomej.cloudfront.net/sa/40/502f6dcf-7456-4c42-bf83-2ab44eb62b35_z.jpg,https://myanimelist.net/images/manga/3/264816l.jpg,6.51,17818.0,9170,True,True
Secret Relationships,https://d30womf5coomej.cloudfront.net/sa/92/f9144512-e708-456f-9fc8-6b03bb3d8af2_z.jpg,https://myanimelist.net/images/manga/3/339335l.jpg,,56323.0,66032,True,True
The Queen's Knights,https://d30womf5coomej.cloudfront.net/sa/31/bd8e24d3-c4d2-4be5-8f58-e0e3bf506b89_z.jpg,https://myanimelist.net/images/manga/5/263919l.jpg,7.37,4556.0,8098,True,True
A Match Made in Mana,https://d30womf5coomej.cloudfront.net/sa/0f/5a6cc5ac-d5f2-410b-8376-002ea5e2beb7_z.jpg,https://myanimelist.net/images/manga/3/264876l.jpg,6.81,12878.0,13152,True,True
How to Hide the Emperor's Child,https://d30womf5coomej.cloudfront.net/sa/94/35ec1cdc-0094-466c-8876-64ae19f2291b_z.jpg,https://myanimelist.net/images/manga/1/279083l.jpg,7.05,8897.0,4113,True,True
Wife After Love,https://d30womf5coomej.cloudfront.net/sa/64/aad65f17-4268-45df-82fe-f79e38dff344_z.jpg,https://myanimelist.net/images/manga/2/264519l.jpg,6.95,10472.0,16979,True,True
Queen in the Shadows,https://d30womf5coomej.cloudfront.net/sa/11/4e894edc-4a71-4b1b-b69d-ac72d7a29c03_z.jpg,https://myanimelist.net/images/manga/3/261877l.jpg,6.99,9856.0,6184,True,True
Something About 30,https://d30womf5coomej.cloudfront.net/sa/84/ab103814-11b2-4853-b3c5-cfd3ff4fe09b_z.jpg,https://myanimelist.net/images/manga/3/189603l.jpg,8.12,645.0,683,True,True
The Ideal Relationship,https://d30womf5coomej.cloudfront.net/sa/79/c5f1af01-ea73-4054-a774-8e23b78ed507_z.jpg,https://myanimelist.net/images/manga/1/264850l.jpg,7.01,9540.0,17361,True,True
Villains Behind the Curtains,https://d30womf5coomej.cloudfront.net/sa/02/1582ee49-61b9-4055-a951-7dba720da28d_z.jpg,https://myanimelist.net/images/manga/2/264502l.jpg,6.41,19099.0,10791,True,True
Level Up with the Gods,https://d30womf5coomej.cloudfront.net/sa/60/938ea459-aa14-477c-a436-710e8aec522e_z.jpg,https://myanimelist.net/images/manga/2/308830l.jpg,7.67,2152.0,882,True,True
No More Turning a Blind Eye,https://d30womf5coomej.cloudfront.net/sa/73/2ddd29d2-e166-4c27-b081-913b27c2f618_z.jpg,https://myanimelist.net/images/manga/2/265491l.jpg,6.08,21445.0,17837,True,True
Solo Glitch Player,https://d30womf5coomej.cloudfront.net/sa/c0/98048378-b355-4d87-921f-8dbc3b33206f_z.jpg,https://myanimelist.net/images/manga/3/331109l.jpg,6.55,17264.0,17006,True,True
Empress of Another World,https://d30womf5coomej.cloudfront.net/sa/14/343b98b6-e17d-4618-bab5-60952d6b98ef_z.jpg,https://myanimelist.net/images/manga/1/262827l.jpg,6.94,10746.0,7032,True,True
I Am the Sorcerer King ,https://d30womf5coomej.cloudfront.net/sa/f4/40e9b90a-3088-4884-8e77-a11b141ffe1f_z.jpg,https://myanimelist.net/images/manga/2/262692l.jpg,6.98,10104.0,2476,True,True
A Villain Demands to Be Loved,https://d30womf5coomej.cloudfront.net/sa/8e/d57396ee-22a5-4284-b354-7e2f885e3a6d_z.jpg,https://myanimelist.net/images/manga/1/262896l.jpg,6.38,19477.0,14868,True,True
The Lord of Coins,https://d30womf5coomej.cloudfront.net/sa/42/f5eb0584-b6d4-4280-8974-df1a3ff10331_z.jpg,https://myanimelist.net/images/manga/1/263911l.jpg,6.74,14207.0,2501,True,True
The Insatiable Man,https://d30womf5coomej.cloudfront.net/sa/d2/39f5f7db-9e14-4773-acd7-002022b072c0_z.jpg,https://myanimelist.net/images/manga/1/328010l.jpg,7.51,,23514,True,True
Cairo,https://d30womf5coomej.cloudfront.net/sa/44/e55d189e-8ce9-4e12-a5af-5c0e6e3aaa4f_z.jpg,https://myanimelist.net/images/manga/2/259785l.jpg,,42889.0,30409,True,True
The Spooky Love Tale of Gongchan Seol,https://d30womf5coomej.cloudfront.net/sa/1a/0ae8d9e2-f499-4c00-9438-62c5b361a60b_z.jpg,https://myanimelist.net/images/manga/2/333304l.jpg,,55426.0,51241,True,True
Here Comes the Silver Spoon!,https://d30womf5coomej.cloudfront.net/sa/b6/7a15a579-7f3a-4bde-95dc-6f1bac3bf0fe_z.jpg,https://myanimelist.net/images/manga/2/264922l.jpg,7.48,3533.0,6831,True,True
I'm Destined to Greatness,https://d30womf5coomej.cloudfront.net/sa/79/6a1046bc-8e58-41ba-b083-46b7729013ef_z.jpg,https://myanimelist.net/images/manga/3/262672l.jpg,6.43,18854.0,11000,True,True
"As You Like It, Margrave",https://d30womf5coomej.cloudfront.net/sa/55/f805bd2d-ff9e-4f51-954f-519fb5014b41_z.jpg,https://myanimelist.net/images/manga/3/262833l.jpg,6.53,17527.0,23352,True,True
A Royal Princess with Black Hair,https://d30womf5coomej.cloudfront.net/sa/b8/f14c50fb-565c-486f-819a-01e77187fd6a_z.jpg,https://myanimelist.net/images/manga/1/245710l.jpg,7.2,6681.0,6155,True,True
A Returner's Magic Should Be Special ,https://d30womf5coomej.cloudfront.net/sa/d5/1e27aea0-97eb-431b-b97d-24286e45acae_z.jpg,https://myanimelist.net/images/manga/2/239089l.jpg,7.59,2676.0,322,True,True
The Flower Dances and the Wind Sings,https://d30womf5coomej.cloudfront.net/sa/fa/9854d1a7-71cb-4151-ab33-79b7dcfac425_z.jpg,https://myanimelist.net/images/manga/3/262435l.jpg,6.53,17524.0,11696,True,True
Rewriting My Husband's Tragic Ending,https://d30womf5coomej.cloudfront.net/sa/a1/2370eb25-a85f-4df8-a39c-539dc9171b98_z.jpg,https://myanimelist.net/images/manga/2/264937l.jpg,5.86,21996.0,13365,True,True
"Don't Hire My Brother, Your Highness!",https://d30womf5coomej.cloudfront.net/sa/6a/ec507dc4-79dd-4489-b34e-591abae88ef2_z.jpg,https://myanimelist.net/images/manga/3/264530l.jpg,6.42,19039.0,13351,True,True
The Fake Lady and Her Rabbit Duke,https://d30womf5coomej.cloudfront.net/sa/9b/7ba1dc13-12da-4f54-b93d-436a73f3db02_z.jpg,https://myanimelist.net/images/manga/2/262687l.jpg,6.53,17526.0,9947,True,True
"Painful, but Desirable",https://d30womf5coomej.cloudfront.net/sa/20/8e611e55-7393-41a9-a80b-69d089436039_z.jpg,https://myanimelist.net/images/manga/2/263669l.jpg,7.14,7623.0,20219,True,True
Detain,https://d30womf5coomej.cloudfront.net/sa/fe/8ff9c10c-6f01-4288-b159-e8f1c730d68d_z.jpg,https://myanimelist.net/images/manga/1/227016l.jpg,5.83,22050.0,22142,True,True
Our Little Empress,https://d30womf5coomej.cloudfront.net/sa/7a/bb1af920-5504-42bf-a23f-aca475fff824_z.jpg,https://myanimelist.net/images/manga/1/264979l.jpg,6.07,21466.0,14057,True,True
Ming Gi Nyu,https://d30womf5coomej.cloudfront.net/sa/63/6f48cf11-1071-4ad3-be1f-b0dc8029b285_z.jpg,https://myanimelist.net/images/manga/2/288712l.jpg,,47328.0,72783,True,True
Dreamcide,https://d30womf5coomej.cloudfront.net/sa/f7/0b147324-9b42-45cf-9fdc-18b5024b5ef4_z.jpg,https://myanimelist.net/images/manga/1/266085l.jpg,7.32,5145.0,18114,True,True
Save It for the Honeymoon,https://d30womf5coomej.cloudfront.net/sa/30/180253c0-c8be-44b6-9481-a08b7704735f_z.jpg,https://myanimelist.net/images/manga/2/265615l.jpg,6.77,13617.0,19700,True,True
He Can't Be This Dumb!,https://d30womf5coomej.cloudfront.net/sa/2c/8cf95d37-0600-4d1e-9432-57b34b08ccbd_z.jpg,https://myanimelist.net/images/manga/1/266467l.jpg,7.15,7376.0,11223,True,True
Here We Go Again,https://d30womf5coomej.cloudfront.net/sa/4c/b5c98ae4-0323-4049-acda-6f7348b9a85d_z.jpg,https://myanimelist.net/images/manga/2/331360l.jpg,,55108.0,58918,True,True
The Little Lady Tames the Leads,https://d30womf5coomej.cloudfront.net/sa/57/e0b3abd1-0253-4053-a544-525004158e0d_z.jpg,https://myanimelist.net/images/manga/2/269823l.jpg,6.44,18813.0,22139,True,True
Extreme Dog Owner,https://d30womf5coomej.cloudfront.net/sa/07/91df7203-5dc0-4200-89e4-2698ce1cdf92_z.jpg,https://myanimelist.net/images/manga/1/285738l.jpg,,45228.0,75721,True,True
Straight to the Red Carpet,https://d30womf5coomej.cloudfront.net/sa/3e/9b600c4d-2e4f-4c5e-841e-4671e316ae54_z.jpg,https://myanimelist.net/images/manga/2/265300l.jpg,6.91,11141.0,10512,True,True
Garden of Silence,https://d30womf5coomej.cloudfront.net/sa/89/cdd85fff-273a-4a22-a413-1f484b5a441b_z.jpg,https://myanimelist.net/images/manga/2/331568l.jpg,,55161.0,54618,True,True
Chew and Swallow,https://d30womf5coomej.cloudfront.net/sa/31/7244afc1-0471-4307-b6b9-69ab964eea42_z.jpg,https://myanimelist.net/images/manga/2/264796l.jpg,,,36066,True,True
The Legendary Beasts Animal Hospital,https://d30womf5coomej.cloudfront.net/sa/75/6fce6601-3f3d-48c6-8ae2-0c701d8e7bff_z.jpg,https://myanimelist.net/images/manga/1/268326l.jpg,7.18,7032.0,17634,True,True
Secret Lady,https://d30womf5coomej.cloudfront.net/sa/25/abc0fbd6-f6a5-4632-9854-4188390c935b_z.jpg,https://myanimelist.net/images/manga/1/264819l.jpg,8.05,774.0,2733,True,True
The Handmade Tales of the Handmaid,https://d30womf5coomej.cloudfront.net/sa/bc/cea5d194-b9c3-4e90-86c0-350e8356688a_z.jpg,https://myanimelist.net/images/manga/3/269824l.jpg,6.41,19102.0,21537,True,True
My Life as an Internet Novel,https://d30womf5coomej.cloudfront.net/sa/49/a30ac22c-7fbd-41c8-9011-de55654b40c1_z.jpg,https://myanimelist.net/images/manga/2/234083l.jpg,7.81,1496.0,2028,True,True
The Heiress's Double Life,https://d30womf5coomej.cloudfront.net/sa/97/a12007a3-4770-48d7-ad7e-be6e4a95edd9_z.jpg,https://myanimelist.net/images/manga/3/264951l.jpg,7.2,6693.0,7691,True,True
Four Dangerous Brothers to My Rescue!,https://d30womf5coomej.cloudfront.net/sa/67/1b935c91-f48f-4b2a-9714-e80ce7fd102b_z.jpg,https://myanimelist.net/images/manga/1/286279l.jpg,6.44,18822.0,24683,True,True
The Tutorial Is Too Tough!,https://d30womf5coomej.cloudfront.net/sa/ab/6f1360db-6c54-4060-945d-925c54df5a27_z.jpg,https://myanimelist.net/images/manga/3/260757l.jpg,7.15,7370.0,1863,True,True
Sweet Spooky Darling,https://d30womf5coomej.cloudfront.net/sa/8f/affa5ca7-7709-4234-a752-3efb33225ed3_z.jpg,https://myanimelist.net/images/manga/3/334775l.jpg,,55673.0,63834,True,True
God of Blackfield,https://d30womf5coomej.cloudfront.net/sa/00/ea27ac57-7a3b-472c-ade4-ca233af3df50_z.jpg,https://myanimelist.net/images/manga/2/261694l.jpg,7.02,9479.0,2262,True,True
Farmer of Spirits,https://d30womf5coomej.cloudfront.net/sa/91/301b34d8-cb8d-4880-b999-cfd74514ab61_z.jpg,https://myanimelist.net/images/manga/3/262929l.jpg,7.1,8226.0,5817,True,True
The Meaning of You,https://d30womf5coomej.cloudfront.net/sa/db/13bcc600-048d-4c70-80ce-30d3d1e4d68b_z.jpg,https://myanimelist.net/images/manga/3/269087l.jpg,6.96,10415.0,17946,True,True
My Darling Signed In,https://d30womf5coomej.cloudfront.net/sa/3a/01f67c96-055f-4078-bf40-5e19b9e2b9c0_z.jpg,https://myanimelist.net/images/manga/3/253281l.jpg,7.24,6148.0,9357,True,True
DEAR. DOOR,https://d30womf5coomej.cloudfront.net/sa/40/2a81d0a7-1d38-4a79-a1fc-4f39d35b46c6_z.jpg,https://myanimelist.net/images/manga/2/331190l.jpg,7.58,,16980,True,True
What's Wrong with Secretary Kim?,https://d30womf5coomej.cloudfront.net/sa/da/cf0a5c4d-9099-4f28-b813-54a9c9b0534a_z.jpg,https://myanimelist.net/images/manga/2/225298l.jpg,7.67,2143.0,3640,True,True
Getting to Know Grace,https://d30womf5coomej.cloudfront.net/sa/c5/3adceb4c-6e42-4bcb-9aae-eedb13ee0853_z.jpg,https://myanimelist.net/images/manga/3/331153l.jpg,7.8,1574.0,20719,True,True
Thirsty Thirty,https://d30womf5coomej.cloudfront.net/sa/30/a4328230-10dc-40c9-887a-35e28794c503_z.jpg,https://myanimelist.net/images/manga/1/136243l.jpg,6.9,11345.0,29285,True,True
How to Use a Returner,https://d30womf5coomej.cloudfront.net/sa/e4/e72e8d0f-8404-4359-baac-a22cd22bcfab_z.jpg,https://myanimelist.net/images/manga/2/261325l.jpg,7.58,2816.0,1120,True,True
A Most Virtuous Villain,https://d30womf5coomej.cloudfront.net/sa/9c/c9da245b-ea9e-45b5-b567-5333bbc59ce0_z.jpg,https://myanimelist.net/images/manga/1/265016l.jpg,6.62,16227.0,17172,True,True
Wait Where the Shooting Star Falls,https://d30womf5coomej.cloudfront.net/sa/e7/03559768-f6f3-49b7-9d81-34eda028c0c2_z.jpg,https://myanimelist.net/images/manga/2/229056l.jpg,7.52,3220.0,15617,True,True
Wedding Impossible,https://d30womf5coomej.cloudfront.net/sa/7b/524fd9f4-8c35-480a-bafa-047da8505a0f_z.jpg,https://myanimelist.net/images/manga/3/264639l.jpg,6.78,13545.0,26547,True,True
Surviving as a Maid,https://d30womf5coomej.cloudfront.net/sa/6d/bfc6d2f1-4da8-4290-be8a-d3ef41ce24f7_z.jpg,https://myanimelist.net/images/manga/3/259438l.jpg,6.69,14963.0,10363,True,True
Egret: The Great Sage,https://d30womf5coomej.cloudfront.net/sa/94/726dd53f-3a45-4bde-b322-669cb6a0b82d_z.jpg,https://myanimelist.net/images/manga/2/264471l.jpg,6.64,15906.0,11018,True,True
Golem Dungeon Rush,https://d30womf5coomej.cloudfront.net/sa/31/2f2f9ac7-6a03-40cc-b946-5e3df1d77d25_z.jpg,https://myanimelist.net/images/manga/2/263580l.jpg,6.29,20213.0,20997,True,True
One Night Mate,https://d30womf5coomej.cloudfront.net/sa/06/5ec9808d-75f9-4d54-bcc0-2de2b6e6d98b_z.jpg,https://myanimelist.net/images/manga/1/331765l.jpg,,,60187,True,True
Lady Baby,https://d30womf5coomej.cloudfront.net/sa/ca/5071e4f2-c587-4d1c-8c16-1841366ad6e6_z.jpg,https://myanimelist.net/images/manga/3/261699l.jpg,6.48,18332.0,5032,True,True
My Boss's Special Request,https://d30womf5coomej.cloudfront.net/sa/7a/dea71389-ebec-48e7-9362-43d862ad5328_z.jpg,https://myanimelist.net/images/manga/1/265616l.jpg,7.47,3562.0,10262,True,True
The Adorable Princess of Doom,https://d30womf5coomej.cloudfront.net/sa/b9/cff876a9-0659-4439-bb09-074cf35b2447_z.jpg,https://myanimelist.net/images/manga/2/267677l.jpg,6.55,17249.0,18938,True,True
From Maid to Queen,https://d30womf5coomej.cloudfront.net/sa/2b/a814fccd-4cde-4845-98a6-2509b18c5bf1_z.jpg,https://myanimelist.net/images/manga/2/268565l.jpg,6.28,20340.0,23684,True,True
The Uncanny Counter,https://d30womf5coomej.cloudfront.net/sa/b4/5c3b5be7-5c14-4247-b2cc-f095bdf703e7_z.jpg,https://myanimelist.net/images/manga/1/331967l.jpg,,55226.0,58427,True,True
Mr. 100% Perfect!,https://d30womf5coomej.cloudfront.net/sa/7d/ac481d59-c52f-4c39-ad59-9505e7b4b55d_z.jpg,https://myanimelist.net/images/manga/1/283100l.jpg,7.58,,21187,True,True
The Worn and Torn Newbie,https://d30womf5coomej.cloudfront.net/sa/bf/898fb936-7832-43f8-bd06-23b66acde434_z.jpg,https://myanimelist.net/images/manga/2/262430l.jpg,7.08,8532.0,2794,True,True
Imitation,https://d30womf5coomej.cloudfront.net/sa/34/ae08de8d-ea65-4937-83a9-a1210f988a95_z.jpg,https://myanimelist.net/images/manga/1/194529l.jpg,7.35,4830.0,12996,True,True
One More Try!,https://d30womf5coomej.cloudfront.net/sa/09/f28e9d3e-f46d-419c-b87b-86420f6c08a2_z.jpg,https://myanimelist.net/images/manga/2/266129l.jpg,,46012.0,36288,True,True
The Frozen Player Returns,https://d30womf5coomej.cloudfront.net/sa/fd/f3a4a838-d972-417b-a308-98453cd2f0bb_z.jpg,https://myanimelist.net/images/manga/2/262892l.jpg,7.22,6447.0,1166,True,True
Elizabeth of Velpera,https://d30womf5coomej.cloudfront.net/sa/b8/a1bdbfd1-5940-43c9-ab4a-f5da5b2f71cb_z.jpg,https://myanimelist.net/images/manga/2/264429l.jpg,6.56,17168.0,19962,True,True
GEMMA!,https://d30womf5coomej.cloudfront.net/sa/0e/8460e4cb-1f5f-43ba-94c2-2ef3ebd13b3e_z.jpg,https://myanimelist.net/images/manga/3/333567l.jpg,,55457.0,81332,True,True
Two Sides of the Princess,https://d30womf5coomej.cloudfront.net/sa/df/49403a50-2e13-463e-a8f2-72c7ef6977d6_z.jpg,https://myanimelist.net/images/manga/3/266548l.jpg,6.47,18380.0,21239,True,True
Pendant of the Nymph,https://d30womf5coomej.cloudfront.net/sa/18/1bb5e3dd-b5e5-46c8-8cb6-3b8fc8c3e223_z.jpg,https://myanimelist.net/images/manga/1/284014l.jpg,,48468.0,34660,True,True
Sica Wolf,https://d30womf5coomej.cloudfront.net/sa/b1/37fe2575-6ec5-47ec-b893-404304a8d1fb_z.jpg,https://myanimelist.net/images/manga/2/264728l.jpg,6.94,10747.0,16372,True,True
A True Doctor,https://d30womf5coomej.cloudfront.net/sa/95/866abdad-09ce-4ccf-8d55-6dc7c18161b5_z.jpg,https://myanimelist.net/images/manga/3/264843l.jpg,6.96,10411.0,18285,True,True
Downpour,https://d30womf5coomej.cloudfront.net/sa/75/7b596eb1-d2ef-478d-bf9d-af70f282ce68_z.jpg,https://myanimelist.net/images/manga/1/332174l.jpg,,,66996,True,True
Fall for Me!,https://d30womf5coomej.cloudfront.net/sa/7b/cf682e1a-6e4e-4287-b216-f467dfbaa190_z.jpg,https://myanimelist.net/images/manga/1/337339l.jpg,,55977.0,72306,True,True
Four Ways to Find a Wife,https://d30womf5coomej.cloudfront.net/sa/2d/8348d4d4-9d42-4ef2-bdcd-3dbbb06aef00_z.jpg,https://myanimelist.net/images/manga/2/283925l.jpg,6.96,10422.0,31721,True,True
The Princess's Doll Shop,https://d30womf5coomej.cloudfront.net/sa/5a/58189efd-0c6c-421d-baca-330d1a900e0e_z.jpg,https://myanimelist.net/images/manga/2/264303l.jpg,6.39,19327.0,16080,True,True
Finding My Place,https://d30womf5coomej.cloudfront.net/sa/a0/9d5ac3ce-7e2d-4f47-8f80-d16756c5640c_z.jpg,https://myanimelist.net/images/manga/3/281905l.jpg,,48218.0,33131,True,True
A Single Round at Romance is Enough!,https://d30womf5coomej.cloudfront.net/sa/64/0af20b6d-f7d7-4f69-ae66-38c921164dbc_z.jpg,https://myanimelist.net/images/manga/3/264222l.jpg,,46144.0,27511,True,True
Ghosts of Greywoods,https://d30womf5coomej.cloudfront.net/sa/68/a2278fd3-8de7-45c3-8044-d92f382824b5_z.jpg,https://myanimelist.net/images/manga/1/331970l.jpg,,55227.0,35796,True,True
The Detective of Muiella,https://d30womf5coomej.cloudfront.net/sa/b3/e9a7670d-9d4f-4c5c-afd0-a548363271ed_z.jpg,https://myanimelist.net/images/manga/1/263882l.jpg,6.56,17166.0,13890,True,True
The Elegant Sea of Savagery,https://d30womf5coomej.cloudfront.net/sa/bc/2406d1e3-daeb-4bde-9880-69a002a0cb8e_z.jpg,https://myanimelist.net/images/manga/1/266227l.jpg,6.6,16569.0,14179,True,True
The Lady's Law of Survival,https://d30womf5coomej.cloudfront.net/sa/84/ba9afb09-2a64-4e1c-868a-c5f40e105146_z.jpg,https://myanimelist.net/images/manga/2/262503l.jpg,6.64,15903.0,11583,True,True
Elizabeth,https://d30womf5coomej.cloudfront.net/sa/e6/13e5a0c8-eb6d-41d3-b1bb-beb577fd0c99_z.jpg,https://myanimelist.net/images/manga/3/264613l.jpg,,46237.0,27347,True,True
Back to Work!,https://d30womf5coomej.cloudfront.net/sa/f3/627136b7-6f70-4105-bcfc-9240cfc3bc4b_z.jpg,https://myanimelist.net/images/manga/1/331566l.jpg,,55159.0,45943,True,True
Updater,https://d30womf5coomej.cloudfront.net/sa/a1/b47b53b2-8ff9-4fda-9f75-05ff47da729f_z.jpg,https://myanimelist.net/images/manga/3/264521l.jpg,6.63,15977.0,6428,True,True
Surviving as the Prince's Fianc&eacute;e,https://d30womf5coomej.cloudfront.net/sa/86/4dcbfa2b-2866-49bd-8783-b565e9a7fa19_z.jpg,https://myanimelist.net/images/manga/2/269188l.jpg,,46885.0,31534,True,True
Everything's Coming Up Roses,https://d30womf5coomej.cloudfront.net/sa/d2/3d0614cb-1e34-4dcc-9cab-efec9917773e_z.jpg,https://myanimelist.net/images/manga/2/264533l.jpg,6.68,15235.0,16208,True,True
Catching Two Birds with One Sweet Princess,https://d30womf5coomej.cloudfront.net/sa/c2/5dc576b7-eecb-4206-99f9-52c198029986_z.jpg,https://myanimelist.net/images/manga/3/269731l.jpg,,46925.0,28886,True,True
Bom's Espresso,https://d30womf5coomej.cloudfront.net/sa/55/c8f3b315-9be8-4fcb-9bec-f1936a0ee948_z.jpg,https://myanimelist.net/images/manga/2/267123l.jpg,6.52,17754.0,25449,True,True
The Shape of Things,https://d30womf5coomej.cloudfront.net/sa/93/43a5d9ea-05de-4972-8a0e-08fa81226eb8_z.jpg,https://myanimelist.net/images/manga/2/321407l.jpg,,,45900,True,True
Contractual Marriage to a Surly Duke,https://d30womf5coomej.cloudfront.net/sa/7a/b23b29c5-32d3-4205-bf28-d5a8baaa0401_z.jpg,https://myanimelist.net/images/manga/1/266316l.jpg,6.55,17247.0,15984,True,True
A Monster Hunter Becomes a Princess,https://d30womf5coomej.cloudfront.net/sa/6a/087c82f2-17d1-41de-ab4e-53e46e373bc0_z.jpg,https://myanimelist.net/images/manga/2/264993l.jpg,6.15,21124.0,21035,True,True
The Constellation of Us,https://d30womf5coomej.cloudfront.net/sa/ff/2bc71a13-4972-4345-81a2-8997bb416f32_z.jpg,https://myanimelist.net/images/manga/1/285091l.jpg,,48599.0,46366,True,True
Alien Idol,https://d30womf5coomej.cloudfront.net/sa/04/046996f8-5ada-4319-a7af-34b755878c60_z.jpg,https://myanimelist.net/images/manga/1/282805l.jpg,,46277.0,48124,True,True
Lily the Vicious Villainess,https://d30womf5coomej.cloudfront.net/sa/33/abbd6cea-a369-48cb-a178-2eb8386f835a_z.jpg,https://myanimelist.net/images/manga/1/264934l.jpg,6.13,21224.0,20832,True,True
Book Eater,https://d30womf5coomej.cloudfront.net/sa/c8/c09774c5-4fb4-425b-88df-8aa813e2bbb3_z.jpg,https://myanimelist.net/images/manga/3/263832l.jpg,7.06,8850.0,3579,True,True
Concubine Walkthrough,https://d30womf5coomej.cloudfront.net/sa/fa/c6957371-6b79-4f91-8d9e-37adccbd493d_z.jpg,https://myanimelist.net/images/manga/2/331192l.jpg,7.96,996.0,21506,True,True
Backcourt,https://d30womf5coomej.cloudfront.net/sa/61/eb184f97-68aa-4ca8-8426-f42eaae0443e_z.jpg,https://myanimelist.net/images/manga/2/259999l.jpg,,43750.0,49413,True,True
Hoarding in Hell,https://d30womf5coomej.cloudfront.net/sa/ff/f54cb982-7875-4142-8172-46ae9d3490e4_z.jpg,https://myanimelist.net/images/manga/1/264153l.jpg,6.63,15973.0,3874,True,True
Love of Mine,https://d30womf5coomej.cloudfront.net/sa/43/6fec7c7b-f0ab-4747-a9f7-e011ea8658d2_z.jpg,https://myanimelist.net/images/manga/3/331660l.jpg,,55187.0,67819,True,True
Toy Complex,https://d30womf5coomej.cloudfront.net/sa/4a/8ecc9021-7768-4928-9733-071fd72fcaf2_z.jpg,https://myanimelist.net/images/manga/3/253937l.jpg,6.84,,22247,True,True
His Enemy Downstairs,https://d30womf5coomej.cloudfront.net/sa/76/09da236e-67f0-423b-8e6a-42cd462897e9_z.jpg,https://myanimelist.net/images/manga/2/331288l.jpg,,,63108,True,True
Pan Focus,https://d30womf5coomej.cloudfront.net/sa/4b/69994304-8258-4d5f-b427-ffac69729609_z.jpg,https://myanimelist.net/images/manga/3/269715l.jpg,,,49709,True,True
The Librarian of St. Bright Tower,https://d30womf5coomej.cloudfront.net/sa/c0/1414c8e9-70ef-4452-82e7-4d26d0a52189_z.jpg,https://myanimelist.net/images/manga/3/265227l.jpg,,46310.0,31855,True,True
His Majesty's Secret Heroine,https://d30womf5coomej.cloudfront.net/sa/83/5e0a9ee0-ddaa-44fb-94ac-25ebd7907a5c_z.jpg,https://myanimelist.net/images/manga/2/262698l.jpg,7.07,8582.0,13936,True,True
Leveling Beyond the Max,https://d30womf5coomej.cloudfront.net/sa/54/a25bb83e-1f80-4487-abbd-03c217ef0121_z.jpg,https://myanimelist.net/images/manga/3/263194l.jpg,6.46,18555.0,2931,True,True
Masters of Lightning Knives,https://d30womf5coomej.cloudfront.net/sa/b1/050a0e5c-cf7c-4053-803e-08afedb4619d_z.jpg,https://myanimelist.net/images/manga/2/261514l.jpg,7.46,3702.0,3863,True,True
Mistaken Lover,https://d30womf5coomej.cloudfront.net/sa/26/f65cedfd-394c-4d34-ac04-d3a07aff4ead_z.jpg,https://myanimelist.net/images/manga/3/260677l.jpg,6.8,13170.0,17891,True,True
Something About Us,https://d30womf5coomej.cloudfront.net/sa/3c/3bbf5373-93a4-4747-ae61-27f836c6662d_z.jpg,https://myanimelist.net/images/manga/3/189603l.jpg,8.12,645.0,683,True,True
The SSS-Rank Hunter's Lucky Draw,https://d30womf5coomej.cloudfront.net/sa/c8/86e8f687-a1aa-4f7f-8ae7-6dd8e8860304_z.jpg,https://myanimelist.net/images/manga/2/264794l.jpg,6.45,18613.0,5352,True,True
The Wave,https://d30womf5coomej.cloudfront.net/sa/17/04a09a5f-ead8-4f07-9d1f-a40e316e57ed_z.jpg,https://myanimelist.net/images/manga/3/301802l.jpg,,46824.0,80450,True,True
Between the Stars,https://d30womf5coomej.cloudfront.net/sa/81/99e02c8b-21c2-4a07-9314-5718454a0560_z.jpg,https://myanimelist.net/images/manga/3/336346l.jpg,,55086.0,36898,True,True
Wedding Plans for Mr. &amp; Mr.,https://d30womf5coomej.cloudfront.net/sa/bf/8f658c22-7069-4123-81fc-5bda8e731000_z.jpg,https://myanimelist.net/images/manga/3/333666l.jpg,,,61329,True,True
The Grand Mudang Saga,https://d30womf5coomej.cloudfront.net/sa/be/1080ddaf-5e79-4066-8baf-00b223b6b743_z.jpg,https://myanimelist.net/images/manga/3/263430l.jpg,7.45,3736.0,3150,True,True
Knockin' on the Dungeon Door,https://d30womf5coomej.cloudfront.net/sa/df/14f871b8-b53a-44e5-b367-fce391c84529_z.jpg,https://myanimelist.net/images/manga/2/264505l.jpg,6.32,19995.0,9680,True,True
Rendezvous,https://d30womf5coomej.cloudfront.net/sa/0d/1202463c-ef67-4434-8951-63f61c4a6ebe_z.jpg,https://myanimelist.net/images/manga/1/331600l.jpg,,55172.0,40097,True,True
Accidentally in Love,https://d30womf5coomej.cloudfront.net/sa/7f/33c0fda3-a57e-4b9e-ae04-77200a9010f2_z.jpg,https://myanimelist.net/images/manga/2/268325l.jpg,,46548.0,34179,True,True
The Stars Are on My Side,https://d30womf5coomej.cloudfront.net/sa/c8/175f2d18-0145-43df-8556-4944d767273f_z.jpg,https://myanimelist.net/images/manga/3/264206l.jpg,6.28,20339.0,12859,True,True
The Undefeated Newbie,https://d30womf5coomej.cloudfront.net/sa/78/2e1e1a95-dfe3-4702-ab5a-efba789ef36d_z.jpg,https://myanimelist.net/images/manga/1/264871l.jpg,6.02,21662.0,22297,True,True
1 Plus 1,https://d30womf5coomej.cloudfront.net/sa/8f/03a199e5-1752-48e2-b92b-24723cb3a64a_z.jpg,https://myanimelist.net/images/manga/1/260059l.jpg,6.99,9849.0,10750,True,True
Accidental Warrior,https://d30womf5coomej.cloudfront.net/sa/97/5f771b88-a5c6-4437-bb74-fc80eb97d3d5_z.jpg,https://myanimelist.net/images/manga/3/262769l.jpg,,46056.0,24603,True,True
Itaewon Class,https://d30womf5coomej.cloudfront.net/sa/f6/f6ee36b1-db58-4b70-ab1e-a160227a28ba_z.jpg,https://myanimelist.net/images/manga/2/235911l.jpg,7.59,2674.0,14467,True,True
Secretary Undercover,https://d30womf5coomej.cloudfront.net/sa/29/9e9659f8-effd-42b3-b580-cfb3da2c8a49_z.jpg,https://myanimelist.net/images/manga/3/268114l.jpg,,46549.0,35230,True,True
Touch Your Heart,https://d30womf5coomej.cloudfront.net/sa/ca/cf7a14fc-ef5f-407a-838c-5e85bc6813fe_z.jpg,https://myanimelist.net/images/manga/3/266874l.jpg,6.79,13272.0,23623,True,True
Lady Beast,https://d30womf5coomej.cloudfront.net/sa/b5/4a2ff586-7f16-4d12-8558-1944792293b3_z.jpg,https://myanimelist.net/images/manga/2/262999l.jpg,6.58,16882.0,13310,True,True
"Her Majesty, the Witch",https://d30womf5coomej.cloudfront.net/sa/9f/ac738110-cb6e-4d39-83ff-4a3524ab8121_z.jpg,https://myanimelist.net/images/manga/1/265366l.jpg,6.96,10412.0,21955,True,True
The Undefeatable Swordsman,https://d30womf5coomej.cloudfront.net/sa/37/96f552d0-5a39-459f-b978-436fe3668758_z.jpg,https://myanimelist.net/images/manga/2/331246l.jpg,6.75,13991.0,19652,True,True
Iris: The Lady and Her Smartphone,https://d30womf5coomej.cloudfront.net/sa/dd/ac6d8eb6-b057-46d1-a737-0e5055ade57f_z.jpg,https://myanimelist.net/images/manga/1/262574l.jpg,6.72,14550.0,8776,True,True
Estio,https://d30womf5coomej.cloudfront.net/sa/be/02b6a627-d4cd-4cdb-85e1-bc3930a8d66b_z.jpg,https://myanimelist.net/images/manga/2/264291l.jpg,6.71,14629.0,5863,True,True
A Day of the Prince,https://d30womf5coomej.cloudfront.net/sa/72/75074052-cf78-4973-b65f-46b8e2ab998e_z.jpg,https://myanimelist.net/images/manga/1/266714l.jpg,,46292.0,57181,True,True
Vampire Academy ,https://d30womf5coomej.cloudfront.net/sa/51/e816dc28-545a-4a7c-baae-5dd93319001e_z.jpg,https://myanimelist.net/images/manga/2/301950l.jpg,,50729.0,65979,True,True
The Duke's 99th Bride,https://d30womf5coomej.cloudfront.net/sa/d9/eac338e5-a1c1-4598-897b-2cac209b114a_z.jpg,https://myanimelist.net/images/manga/2/266192l.jpg,6.54,17469.0,12965,True,True
Quoth the Boy,https://d30womf5coomej.cloudfront.net/sa/2c/f88e2ae8-f4b4-49d1-b734-5376e589dcae_z.jpg,https://myanimelist.net/images/manga/1/332912l.jpg,,55344.0,78678,True,True
What Don't You Understand,https://d30womf5coomej.cloudfront.net/sa/49/ab1a29c0-91cd-4bac-be58-9585334c2987_z.jpg,https://myanimelist.net/images/manga/3/271297l.jpg,,44806.0,58111,True,True
"Goodbye, In-Law!",https://d30womf5coomej.cloudfront.net/sa/8f/980727a3-fb80-48c3-a9d5-319eab8c021b_z.jpg,https://myanimelist.net/images/manga/1/245899l.jpg,7.5,3369.0,8592,True,True
The Events of Romeo's Household,https://d30womf5coomej.cloudfront.net/sa/2d/d162a02d-60c8-41cc-838b-c1069cb5fc30_z.jpg,https://myanimelist.net/images/manga/3/264996l.jpg,,46289.0,30216,True,True
My Lucky Star,https://d30womf5coomej.cloudfront.net/sa/0c/c677cb41-1971-4258-91b8-c53132a46bbe_z.jpg,https://myanimelist.net/images/manga/1/287349l.jpg,7.42,4103.0,11915,True,True
Return of the Scholar ,https://d30womf5coomej.cloudfront.net/sa/55/2f84135c-7fa3-47ef-8e18-7bdd41bf1f20_z.jpg,https://myanimelist.net/images/manga/2/264938l.jpg,6.56,17169.0,18398,True,True
The Blue Guardian of the Princess,https://d30womf5coomej.cloudfront.net/sa/1b/b82501d3-f3f7-40f6-9e1f-e04b90d5ddc1_z.jpg,https://myanimelist.net/images/manga/1/286176l.jpg,,48754.0,41315,True,True
The Empire's Hidden Hope,https://d30womf5coomej.cloudfront.net/sa/fe/5443b537-6583-4126-9ff5-4679eff2e052_z.jpg,https://myanimelist.net/images/manga/1/264837l.jpg,6.73,14288.0,29593,True,True
The Newlywed Game: How to Save My Husband,https://d30womf5coomej.cloudfront.net/sa/4e/c98d8dfe-8c0f-4dc8-9966-39dee234fcea_z.jpg,https://myanimelist.net/images/manga/1/267161l.jpg,6.94,10748.0,24191,True,True
Lying in a Dream,https://d30womf5coomej.cloudfront.net/sa/aa/733dc06d-90d7-42a6-9950-56a4b76d7b05_z.jpg,https://myanimelist.net/images/manga/1/332170l.jpg,,,64535,True,True
Moonlight Hair,https://d30womf5coomej.cloudfront.net/sa/ad/bb009bd8-6fa9-4234-b3f5-32d580d2222e_z.jpg,https://myanimelist.net/images/manga/1/204869l.jpg,,35059.0,43870,True,True
Her Ladyship Objects to this Marriage!,https://d30womf5coomej.cloudfront.net/sa/bc/451bd32c-8721-4339-aecc-09c33d9d3c94_z.jpg,https://myanimelist.net/images/manga/1/276410l.jpg,,47566.0,28151,True,True
My Dazzling Downfall ,https://d30womf5coomej.cloudfront.net/sa/83/3354acba-c124-4b0e-acf1-032bc1196477_z.jpg,https://myanimelist.net/images/manga/3/265494l.jpg,,46343.0,29583,True,True
The Book of Lagier,https://d30womf5coomej.cloudfront.net/sa/3f/b2da59d4-8471-4456-94db-3d79c09a10fc_z.jpg,https://myanimelist.net/images/manga/3/264432l.jpg,6.29,20214.0,8612,True,True
The Romantic Merger,https://d30womf5coomej.cloudfront.net/sa/c7/a5f52257-c970-432a-95f5-908333685fbf_z.jpg,https://myanimelist.net/images/manga/2/284920l.jpg,,48569.0,52321,True,True
Big Life,https://d30womf5coomej.cloudfront.net/sa/a9/5a71741b-61e8-4352-a8ab-c8b08c06e22f_z.jpg,https://myanimelist.net/images/manga/1/282810l.jpg,,48336.0,37000,True,True
Green Light for Romance,https://d30womf5coomej.cloudfront.net/sa/96/0ac2abba-0dc8-4c39-9304-2f332d44c342_z.jpg,https://myanimelist.net/images/manga/3/285275l.jpg,,48626.0,47098,True,True
The Unwelcome Guests of House Fildette,https://d30womf5coomej.cloudfront.net/sa/2f/c9d5d42d-b005-4359-8011-ce2f92b4e986_z.jpg,https://myanimelist.net/images/manga/1/307029l.jpg,,51446.0,29427,True,True
Black Winter,https://d30womf5coomej.cloudfront.net/sa/fb/99e760ec-ca36-4a32-916b-db801eb72619_z.jpg,https://myanimelist.net/images/manga/1/331405l.jpg,,55125.0,41001,True,True
Lunar Lover,https://d30womf5coomej.cloudfront.net/sa/ef/6614b1c9-8d7d-4775-b23c-a4cd4579774a_z.jpg,https://myanimelist.net/images/manga/1/276567l.jpg,,47551.0,68795,True,True
Extreme Gardener,https://d30womf5coomej.cloudfront.net/sa/0e/0d0f13ec-7e66-4d63-9019-0113c8d4a750_z.jpg,https://myanimelist.net/images/manga/3/267322l.jpg,,45165.0,61401,True,True
Office Romance Confidential,https://d30womf5coomej.cloudfront.net/sa/89/5e3343ed-6352-4ed6-b44d-922e702599ac_z.jpg,https://myanimelist.net/images/manga/1/267632l.jpg,,46453.0,37475,True,True
They Say I was Born a King's Little Daughter,https://d30womf5coomej.cloudfront.net/sa/6d/1b80b7fe-7392-41c3-930b-8082b45a2919_z.jpg,https://myanimelist.net/images/manga/3/304006l.jpg,,51059.0,76149,True,True
How to Win the Secretary's Heart,https://d30womf5coomej.cloudfront.net/sa/3e/e1722e11-c533-4204-9e2a-108d9e2214bd_z.jpg,https://myanimelist.net/images/manga/1/266819l.jpg,,46442.0,44424,True,True
The Villainess Has Shrunk!,https://d30womf5coomej.cloudfront.net/sa/86/48f608b4-b4be-4490-9abd-9975cc82dae2_z.jpg,https://myanimelist.net/images/manga/2/264839l.jpg,5.89,21942.0,15360,True,True
What Are We,https://d30womf5coomej.cloudfront.net/sa/56/c0f8cfa5-b03b-4880-a36d-94dcef24b2bf_z.jpg,https://myanimelist.net/images/manga/1/283746l.jpg,,48440.0,55030,True,True
Tied Up in Twins,https://d30womf5coomej.cloudfront.net/sa/17/d98e0cde-0378-4b9e-b404-ebf519d3097d_z.jpg,https://myanimelist.net/images/manga/2/331927l.jpg,,,49678,True,True
Dragon Ego,https://d30womf5coomej.cloudfront.net/sa/44/f8a6a579-cda9-4986-b143-2c14366ffd05_z.jpg,https://myanimelist.net/images/manga/2/286499l.jpg,,48802.0,34015,True,True
Beauty and the Brawn,https://d30womf5coomej.cloudfront.net/sa/24/7583e80d-a813-4395-ad24-15e33bfe3caa_z.jpg,https://myanimelist.net/images/manga/1/264453l.jpg,,46215.0,39427,True,True
Item,https://d30womf5coomej.cloudfront.net/sa/9a/e7aebd85-f911-4c2d-bf30-275a1357524e_z.jpg,https://myanimelist.net/images/manga/3/263948l.jpg,,46141.0,41691,True,True
Second Try Idol,https://d30womf5coomej.cloudfront.net/sa/4e/7dcf4cc3-c384-48ff-89e8-45e50f0791e0_z.jpg,https://myanimelist.net/images/manga/1/269945l.jpg,6.7,14900.0,21579,True,True
You Are My Destiny,https://d30womf5coomej.cloudfront.net/sa/61/5b8ff94d-18f6-4504-8f68-84cc84cb090a_z.jpg,https://myanimelist.net/images/manga/3/264747l.jpg,,46250.0,33699,True,True
Corridor of Mirs,https://d30womf5coomej.cloudfront.net/sa/a0/1017a543-3e26-4e7b-910e-b632a6afd47b_z.jpg,https://myanimelist.net/images/manga/2/269092l.jpg,,46869.0,44586,True,True
Rookie Talent Agent Knows It All,https://d30womf5coomej.cloudfront.net/sa/73/1dd42bcd-1881-4cd0-9d4a-a7c08d7fb5e5_z.jpg,https://myanimelist.net/images/manga/1/268683l.jpg,6.86,12110.0,12982,True,True
Black Dragon's Choice,https://d30womf5coomej.cloudfront.net/sa/20/9dec8526-a7ae-40cb-a57d-6d71fae0774b_z.jpg,https://myanimelist.net/images/manga/3/284377l.jpg,,48497.0,33652,True,True
The Chef of Spirits,https://d30womf5coomej.cloudfront.net/sa/ed/66ab289a-769d-4331-bd6b-f788b484e35a_z.jpg,https://myanimelist.net/images/manga/1/301868l.jpg,,50713.0,68619,True,True
A Bona fide Killer,https://d30womf5coomej.cloudfront.net/sa/55/53b6c032-83b6-455c-841a-583f7d48b592_z.jpg,https://myanimelist.net/images/manga/1/332107l.jpg,,55254.0,53702,True,True
Burnout Shock,https://d30womf5coomej.cloudfront.net/sa/74/720817ce-9e1d-47c9-8fd3-fd453a7b0e17_z.jpg,https://myanimelist.net/images/manga/1/264885l.jpg,,46269.0,24470,True,True
Acquainted: Encounter Spin-Off,https://d30womf5coomej.cloudfront.net/sa/bb/518b517c-083b-4a2d-8cbb-61238dbe9a4b_z.jpg,https://myanimelist.net/images/manga/1/269874l.jpg,,46951.0,41230,True,True
Just Between Us,https://d30womf5coomej.cloudfront.net/sa/77/f0bba634-6b7b-4bb9-aa48-5576941f434a_z.jpg,https://myanimelist.net/images/manga/1/283708l.jpg,,48432.0,57332,True,True
Dr. Brain,https://d30womf5coomej.cloudfront.net/sa/1c/70a9a1fd-1558-4f3c-ab0a-5035022d46f8_z.jpg,https://myanimelist.net/images/manga/2/269113l.jpg,,45156.0,37848,True,True
Super Genius DNA,https://d30womf5coomej.cloudfront.net/sa/c5/07e204a5-94fa-4cee-93e3-4363b77efd38_z.jpg,https://myanimelist.net/images/manga/3/266719l.jpg,6.82,12806.0,17435,True,True
Revoke This Wish!,https://d30womf5coomej.cloudfront.net/sa/30/986d3924-e45e-42cd-9201-2716d776f3d3_z.jpg,https://myanimelist.net/images/manga/2/276560l.jpg,,47445.0,42491,True,True
The Princess and The Demon,https://d30womf5coomej.cloudfront.net/sa/4b/096c2751-9255-4073-a2b4-8f2a4f52e93a_z.jpg,https://myanimelist.net/images/manga/3/317839l.jpg,,52953.0,50346,True,True
Nth Romance,https://d30womf5coomej.cloudfront.net/sa/14/d9f88d3f-0fac-4002-ada0-85f6c2579fb9_z.jpg,https://myanimelist.net/images/manga/3/264701l.jpg,,42242.0,54141,True,True
Flavors of Reincarnation,https://d30womf5coomej.cloudfront.net/sa/ce/62bf4e8d-e4be-496f-8e8f-938823805387_z.jpg,https://myanimelist.net/images/manga/2/303135l.jpg,,50893.0,66177,True,True
"My Daughter, the Music Prodigy",https://d30womf5coomej.cloudfront.net/sa/88/d31d9b36-2630-4315-890e-56b30ea92113_z.jpg,https://myanimelist.net/images/manga/1/264439l.jpg,7.07,8586.0,11785,True,True
Lord of Money,https://d30womf5coomej.cloudfront.net/sa/a2/e7aad7fb-6b27-4c75-9eed-06beaffaf11a_z.jpg,https://myanimelist.net/images/manga/1/264848l.jpg,6.82,12793.0,17517,True,True
The Legendary Return,https://d30womf5coomej.cloudfront.net/sa/e7/22516f5d-d969-4311-955d-6bb68326cbe4_z.jpg,https://myanimelist.net/images/manga/1/263910l.jpg,6.27,20372.0,7344,True,True
Life Cry,https://d30womf5coomej.cloudfront.net/sa/cd/dad92448-15ce-4ee6-9f83-9932e51b90ce_z.jpg,https://myanimelist.net/images/manga/2/303153l.jpg,,50895.0,54702,True,True
The Poem of Aster and Hana,https://d30womf5coomej.cloudfront.net/sa/24/8bd97e94-5992-4561-a7f0-93297944928d_z.jpg,https://myanimelist.net/images/manga/1/290934l.jpg,,47327.0,57189,True,True
Cat Funeral,https://d30womf5coomej.cloudfront.net/sa/5a/4abe0834-6d9f-4518-b0af-7cb9435a87bd_z.jpg,https://myanimelist.net/images/manga/1/78199l.jpg,6.55,17315.0,23521,True,True
Talent Agent and the Threads of Fate,https://d30womf5coomej.cloudfront.net/sa/64/5b0edbdf-857c-4ec3-935f-453878c7b11a_z.jpg,https://myanimelist.net/images/manga/1/285324l.jpg,,48634.0,29714,True,True
Interview with the Crazy Rich,https://d30womf5coomej.cloudfront.net/sa/41/4cdb03f6-8db4-4073-a7a3-8508f76e8ca7_z.jpg,https://myanimelist.net/images/manga/2/333221l.jpg,,55399.0,81104,True,True
The Ghost Doctor,https://d30womf5coomej.cloudfront.net/sa/a2/0786ea60-38ae-4078-a913-620712a25c9c_z.jpg,https://myanimelist.net/images/manga/3/264983l.jpg,6.79,13270.0,19937,True,True
Space Sweepers,https://d30womf5coomej.cloudfront.net/sa/a3/fb8fa724-c328-4143-a5c1-9f575cdfd1a7_z.jpg,https://myanimelist.net/images/manga/1/332648l.jpg,,55313.0,80839,True,True
Shards of a Story,https://d30womf5coomej.cloudfront.net/sa/e8/925b7edd-e4d0-4064-b746-14beedf9bb17_z.jpg,https://myanimelist.net/images/manga/2/271465l.jpg,,44951.0,62061,True,True
Wizard Number Zero,https://d30womf5coomej.cloudfront.net/sa/70/94e330a2-907f-4a03-a0d8-ac83e024ad6f_z.jpg,https://myanimelist.net/images/manga/2/272268l.jpg,,46425.0,44585,True,True
The Logbook,https://d30womf5coomej.cloudfront.net/sa/37/78640574-90e5-4559-96fd-a05bf12bb830_z.jpg,https://myanimelist.net/images/manga/3/286629l.jpg,,46767.0,76488,True,True
"Your Eyes, My Words",https://d30womf5coomej.cloudfront.net/sa/bc/9d194ee7-cd06-4ca4-a975-a760c88bdebf_z.jpg,https://myanimelist.net/images/manga/2/333737l.jpg,,,70294,True,True
Court of Puppets,https://d30womf5coomej.cloudfront.net/sa/43/2f25dcd7-3917-4c1b-a43a-622c375f586a_z.jpg,https://myanimelist.net/images/manga/2/263819l.jpg,,46106.0,43563,True,True
Trace,https://d30womf5coomej.cloudfront.net/sa/b5/d9cc04ea-9a91-435d-a32b-817cdcb2c877_z.jpg,https://myanimelist.net/images/manga/3/144971l.jpg,7.84,1385.0,2096,True,True
I Stan You,https://d30womf5coomej.cloudfront.net/sa/fa/372813dd-81a0-434d-915a-d7c67517fc83_z.jpg,https://myanimelist.net/images/manga/3/333254l.jpg,,55408.0,75487,True,True
Mystic Pop-up Bar,https://d30womf5coomej.cloudfront.net/sa/da/f789fc05-3c9d-485d-82d5-abb5f4c46ba7_z.jpg,https://myanimelist.net/images/manga/1/263967l.jpg,,45823.0,64978,True,True
Ghosting Groom,https://d30womf5coomej.cloudfront.net/sa/7b/2344a44a-5f58-449b-b0a7-e74ec226107f_z.jpg,https://myanimelist.net/images/manga/1/333306l.jpg,,55427.0,78686,True,True
Memoria,https://d30womf5coomej.cloudfront.net/sa/7f/bf2c5f63-b7d5-4f2b-a8cc-bf9b9667b404_z.jpg,https://myanimelist.net/images/manga/3/298312l.jpg,7.35,4752.0,33117,True,True
Treasure Hunter,https://d30womf5coomej.cloudfront.net/sa/8c/6bd416ff-c38a-4a10-9688-a4a8a25f187a_z.jpg,https://myanimelist.net/images/manga/1/334582l.jpg,,55633.0,80838,True,True
When a Thousand Moons Rise,https://d30womf5coomej.cloudfront.net/sa/05/09de7a40-31fb-4455-9c44-4312e02b6490_z.jpg,https://myanimelist.net/images/manga/2/322899l.jpg,,46471.0,40385,True,True
My Eunha,https://d30womf5coomej.cloudfront.net/sa/33/28705447-e1d3-4c2c-9bb5-91df57abe652_z.jpg,https://myanimelist.net/images/manga/1/303609l.jpg,,50971.0,74652,True,True
Burning Effect,https://d30womf5coomej.cloudfront.net/sa/27/7cb9714e-0092-4527-b466-99033ae19f6b_z.jpg,https://myanimelist.net/images/manga/3/331144l.jpg,7.77,1641.0,24613,True,True
The Disappearing Mondays,https://d30womf5coomej.cloudfront.net/sa/14/7132603c-59ba-4e4e-8b4f-b8c1b8c966d2_z.jpg,https://myanimelist.net/images/manga/2/303547l.jpg,,50957.0,75865,True,True
Save Lawrence,https://d30womf5coomej.cloudfront.net/sa/43/b8b9dd94-cad5-4b6c-9590-6f7911325916_z.jpg,https://myanimelist.net/images/manga/3/286962l.jpg,,46823.0,73270,True,True
Bad Boss,https://d30womf5coomej.cloudfront.net/sa/d3/589be5e2-1956-4932-bd27-3f423bab1fc3_z.jpg,https://myanimelist.net/images/manga/3/253400l.jpg,,,39625,True,True
Dorothy Band,https://d30womf5coomej.cloudfront.net/sa/81/c5abb720-580d-4d84-901d-076471f84791_z.jpg,https://myanimelist.net/images/manga/3/185444l.jpg,,36356.0,52015,True,True
Love Voice,https://d30womf5coomej.cloudfront.net/sa/f7/7f92ed2a-fdea-417d-a13d-921702e4e4e6_z.jpg,https://myanimelist.net/images/manga/2/267676l.jpg,6.85,12182.0,19590,True,True
Like a Wolf,https://d30womf5coomej.cloudfront.net/sa/ed/2640b844-1811-466c-894f-d5d148ff16f6_z.jpg,https://myanimelist.net/images/manga/2/333686l.jpg,,55464.0,80322,True,True
The Stormy Inn,https://d30womf5coomej.cloudfront.net/sa/dc/4ff3b902-6c8b-48d3-976d-414a7f663063_z.jpg,https://myanimelist.net/images/manga/3/265301l.jpg,6.58,16885.0,13240,True,True
Enoch: A Girl of Destiny,https://d30womf5coomej.cloudfront.net/sa/7f/213ca567-27af-41c5-9e19-702242d3cf80_z.jpg,https://myanimelist.net/images/manga/1/271165l.jpg,,46421.0,57452,True,True
Ganzi Monster,https://d30womf5coomej.cloudfront.net/sa/58/5cd792f6-1bf0-4f84-9732-177f235eec06_z.jpg,https://myanimelist.net/images/manga/3/276004l.jpg,6.41,19106.0,24956,True,True
Caldera,https://d30womf5coomej.cloudfront.net/sa/ed/dedcd0b9-d15d-4171-8cdd-f7fc1eef7503_z.jpg,https://myanimelist.net/images/manga/3/284408l.jpg,,46825.0,72050,True,True
Devoted to Diamond,https://d30womf5coomej.cloudfront.net/sa/90/5e36d72f-abba-4dfd-a719-3c2d8e7cf782_z.jpg,https://myanimelist.net/images/manga/3/264882l.jpg,6.73,14290.0,10792,True,True
Shaman,https://d30womf5coomej.cloudfront.net/sa/6e/a0c4906e-d31b-4661-affd-660bee8d235e_z.jpg,https://myanimelist.net/images/manga/1/331642l.jpg,,55182.0,81858,True,True
Legend,https://d30womf5coomej.cloudfront.net/sa/f0/757fc76d-82c2-454b-b6b6-d4f51006a2b6_z.jpg,https://myanimelist.net/images/manga/2/1628l.jpg,7.22,6343.0,10712,True,True
Heart Crush,https://d30womf5coomej.cloudfront.net/sa/55/527dc628-9d58-47f7-8f86-63ba32722717_z.jpg,https://myanimelist.net/images/manga/2/285739l.jpg,,48678.0,37512,True,True
Long Live the Drama King,https://d30womf5coomej.cloudfront.net/sa/21/aa1c3675-ae8b-49b0-bf63-63ce5220fa05_z.jpg,https://myanimelist.net/images/manga/2/267159l.jpg,7.05,8899.0,21663,True,True
Log Tracer,https://d30womf5coomej.cloudfront.net/sa/52/b6989865-a091-4f63-8ae2-b8246b8b96b8_z.jpg,https://myanimelist.net/images/manga/1/272427l.jpg,,46491.0,69780,True,True
Blood Ocean,https://d30womf5coomej.cloudfront.net/sa/f2/37c4cd11-d3e2-4ac4-8875-ee5c1c07d054_z.jpg,https://myanimelist.net/images/manga/3/194965l.jpg,,35064.0,61991,True,True
